class_folder,folder_code,item_id,sku,name,category,mapping_method,folder_code_matches_sku,photo_count,exact_unique_count,exact_duplicate_files,readable_count,format_mismatch_count,min_width,min_height,quality_flags,train,validation,test,object_detection_annotations,training_use,manual_visual_review
C001_tracing paper,C001,item-c001,C001,Tracing paper,Craft Materials & STEM Kits,image_reference,True,25,24,1,25,0,4284,4284,,20,2,3,missing,classification/pre-annotation only,"required for item size, angle, occlusion, packaging and label visibility"
C002_paper cup,C002,item-c002,C002,Paper cup,Craft Materials & STEM Kits,image_reference,True,32,31,1,32,0,3024,4032,,27,4,1,missing,classification/pre-annotation only,"required for item size, angle, occlusion, packaging and label visibility"
C003_thread,C003,item-c003,C003,Thread,Craft Materials & STEM Kits,image_reference,True,59,57,2,59,9,3024,4032,,40,6,13,missing,classification/pre-annotation only,"required for item size, angle, occlusion, packaging and label visibility"
C004_needle,C004,item-c004,C004,Needle,Craft Materials & STEM Kits,image_reference,True,32,32,0,32,0,3024,4032,low_contrast:3,25,2,5,missing,classification/pre-annotation only,"required for item size, angle, occlusion, packaging and label visibility"
C005_yarn,C005,item-c005,C005,Yarn,Craft Materials & STEM Kits,image_reference,True,50,50,0,50,0,4284,5712,,34,11,5,missing,classification/pre-annotation only,"required for item size, angle, occlusion, packaging and label visibility"
C006_air clay,C006,item-c006,C006,Air clay,Craft Materials & STEM Kits,image_reference,True,23,23,0,23,0,3024,4032,,15,5,3,missing,classification/pre-annotation only,"required for item size, angle, occlusion, packaging and label visibility"
C007_acrylic standee A4 landscape-portrait ,C007,item-c007,C007,Acrylic standee A4 landscape/portrait,Craft Materials & STEM Kits,image_reference,True,25,25,0,25,0,4284,5712,,18,4,3,missing,classification/pre-annotation only,"required for item size, angle, occlusion, packaging and label visibility"
C008_acrylic table label,C008,item-c008,C008,Acrylic table label,Craft Materials & STEM Kits,image_reference,True,21,21,0,21,0,3024,4032,,16,2,3,missing,classification/pre-annotation only,"required for item size, angle, occlusion, packaging and label visibility"
C009_popsicle stick,C009,item-c009,C009,Popsicle stick,Craft Materials & STEM Kits,image_reference,True,33,33,0,33,0,3024,3024,,23,4,6,missing,classification/pre-annotation only,"required for item size, angle, occlusion, packaging and label visibility"
C010_Fabbxible PLA filament,C010,item-c010,C010,Fabbxible PLA filament,Craft Materials & STEM Kits,image_reference,True,28,28,0,28,0,3024,3024,,21,3,4,missing,classification/pre-annotation only,"required for item size, angle, occlusion, packaging and label visibility"
C011_glue stick ,C011,item-c011,C011,Glue stick,Craft Materials & STEM Kits,image_reference,True,27,27,0,27,27,3024,4032,,22,4,1,missing,classification/pre-annotation only,"required for item size, angle, occlusion, packaging and label visibility"
C012_pipe cleaner,C012,item-c012,C012,Pipe cleaner,Craft Materials & STEM Kits,image_reference,True,44,44,0,44,44,3021,2645,,28,6,10,missing,classification/pre-annotation only,"required for item size, angle, occlusion, packaging and label visibility"
C013_pom pom,C013,item-c013,C013,Pom pom,Craft Materials & STEM Kits,image_reference,True,27,27,0,27,27,3024,4032,low_contrast:1,22,2,3,missing,classification/pre-annotation only,"required for item size, angle, occlusion, packaging and label visibility"
C014_A4 colored paper,C014,item-c014,C014,A4 colored paper,Craft Materials & STEM Kits,image_reference,True,30,30,0,30,30,3024,4032,,23,5,2,missing,classification/pre-annotation only,"required for item size, angle, occlusion, packaging and label visibility"
C015_ribbon,C015,item-c015,C015,Ribbon,Craft Materials & STEM Kits,image_reference,True,28,28,0,28,28,3024,4032,,17,5,6,missing,classification/pre-annotation only,"required for item size, angle, occlusion, packaging and label visibility"
C016_balloons,C016,item-c016,C016,Balloons,Craft Materials & STEM Kits,image_reference,True,27,27,0,27,27,3024,4032,,17,7,3,missing,classification/pre-annotation only,"required for item size, angle, occlusion, packaging and label visibility"
C017_key ring,C017,item-c017,C017,Key ring,Craft Materials & STEM Kits,image_reference,True,23,23,0,23,23,3024,4032,,17,4,2,missing,classification/pre-annotation only,"required for item size, angle, occlusion, packaging and label visibility"
C018_glue gun stick,C018,item-c019,C019,Glue gun stick,Craft Materials & STEM Kits,image_reference,False,30,30,0,30,30,4284,5712,,19,4,7,missing,classification/pre-annotation only,"required for item size, angle, occlusion, packaging and label visibility"
C019_melty beads,C019,item-c020,C020,Melty beads,Craft Materials & STEM Kits,image_reference,False,21,21,0,21,21,3024,4032,,14,3,4,missing,classification/pre-annotation only,"required for item size, angle, occlusion, packaging and label visibility"
C020_tongue depressor,C020,item-c021,C021,Tongue depressor,Craft Materials & STEM Kits,image_reference,False,24,24,0,24,24,3024,4032,,22,1,1,missing,classification/pre-annotation only,"required for item size, angle, occlusion, packaging and label visibility"
C021_clothespin,C021,item-c022,C022,Clothespin,Craft Materials & STEM Kits,image_reference,False,24,21,3,24,24,3024,4032,,15,7,2,missing,classification/pre-annotation only,"required for item size, angle, occlusion, packaging and label visibility"
C022_googly eyes,C022,item-c023,C023,Googly eye,Craft Materials & STEM Kits,image_reference,False,25,25,0,25,25,3024,4032,,16,5,4,missing,classification/pre-annotation only,"required for item size, angle, occlusion, packaging and label visibility"
C023_liquid glue,C023,item-c024,C024,Liquid glue,Craft Materials & STEM Kits,image_reference,False,27,27,0,27,27,3024,4032,,20,3,4,missing,classification/pre-annotation only,"required for item size, angle, occlusion, packaging and label visibility"
E001_Arduino Uno,E001,item-e001,E001,Arduino Uno,Electronics & Robotics,image_reference,True,20,20,0,20,0,608,608,low_resolution:7,14,3,3,missing,classification/pre-annotation only,"required for item size, angle, occlusion, packaging and label visibility"
E002_Arduino Nano,E002,item-e002,E002,Arduino Nano,Electronics & Robotics,image_reference,True,29,25,4,29,0,608,608,low_resolution:9,22,3,4,missing,classification/pre-annotation only,"required for item size, angle, occlusion, packaging and label visibility"
E003_Motor Shield,E003,item-e003,E003,Motor Shield,Electronics & Robotics,image_reference,True,22,22,0,22,0,608,608,low_resolution:8,18,2,2,missing,classification/pre-annotation only,"required for item size, angle, occlusion, packaging and label visibility"
E004_Breadboard,E004,item-e004,E004,Breadboard,Electronics & Robotics,image_reference,True,22,19,3,22,0,608,608,low_resolution:9,13,4,5,missing,classification/pre-annotation only,"required for item size, angle, occlusion, packaging and label visibility"
E005_Gas Sensor MQ6,E005,item-e005,E005,Gas Detector MQ6,Electronics & Robotics,image_reference,True,22,18,4,22,0,608,1080,low_resolution:6,20,1,1,missing,classification/pre-annotation only,"required for item size, angle, occlusion, packaging and label visibility"
E006_NodeMCU,E006,item-e006,E006,NodeMCU,Electronics & Robotics,image_reference,True,22,20,2,22,0,608,1080,low_resolution:12,14,6,2,missing,classification/pre-annotation only,"required for item size, angle, occlusion, packaging and label visibility"
E007_HC-SR04 Ultrasonic Sensor,E007,item-e007,E007,HC-SR04 Ultrasonic Sensor,Electronics & Robotics,image_reference,True,21,17,4,21,0,608,1080,low_resolution:7,11,3,7,missing,classification/pre-annotation only,"required for item size, angle, occlusion, packaging and label visibility"
E008_N20 Mini Micro Metal Gear,E008,item-e008,E008,N20 Mini Micro Metal Gear,Electronics & Robotics,image_reference,True,25,22,3,25,0,608,608,low_resolution:10,16,4,5,missing,classification/pre-annotation only,"required for item size, angle, occlusion, packaging and label visibility"
E009_DC Motor 3V,E009,item-e009,E009,DC Motor 3V,Electronics & Robotics,image_reference,True,22,18,4,22,0,608,1080,low_resolution:9,19,1,2,missing,classification/pre-annotation only,"required for item size, angle, occlusion, packaging and label visibility"
E010_N20 Micro Metal Gear Motor,E010,item-e010,E010,N20 Micro Metal Gear Motor,Electronics & Robotics,image_reference,True,10,7,3,10,0,3213,5712,,6,3,1,missing,classification/pre-annotation only,"required for item size, angle, occlusion, packaging and label visibility"
E011_DHT11 Temperature and humidity,E011,item-e011,E011,DHT11 Temperature and humidity sensor,Electronics & Robotics,image_reference,True,34,28,6,34,0,608,1080,low_resolution:10,23,6,5,missing,classification/pre-annotation only,"required for item size, angle, occlusion, packaging and label visibility"
E012_Infrared (IR) Proximity Sensor module,E012,item-e012,E012,Infrared (IR) Proximity Sensor module,Electronics & Robotics,image_reference,True,28,25,3,28,0,608,608,low_resolution:15,16,4,8,missing,classification/pre-annotation only,"required for item size, angle, occlusion, packaging and label visibility"
E013_Sound Sensor,E013,item-e013,E013,Sound Sensor,Electronics & Robotics,image_reference,True,25,20,5,25,0,608,1080,low_resolution:7,17,5,3,missing,classification/pre-annotation only,"required for item size, angle, occlusion, packaging and label visibility"
E014_Lilypad Coin Cell Battery Holder,E014,item-e014,E014,LilyPad coin cell battery holder,Electronics & Robotics,image_reference,True,28,24,4,28,0,608,1080,low_resolution:14,15,8,5,missing,classification/pre-annotation only,"required for item size, angle, occlusion, packaging and label visibility"
E015_Micro_bit,E015,item-e015,E015,Micro:bit,Electronics & Robotics,image_reference,True,21,21,0,21,0,608,1080,low_resolution:8,16,1,4,missing,classification/pre-annotation only,"required for item size, angle, occlusion, packaging and label visibility"
E016_CR2032 battery holder,E016,item-e016,E016,CR2032 battery holder,Electronics & Robotics,image_reference,True,16,13,3,16,0,608,1080,low_resolution:4,9,6,1,missing,classification/pre-annotation only,"required for item size, angle, occlusion, packaging and label visibility"
E017_RC522 RFID Card Reader,E017,item-e017,E017,RC522 RFID Card Reader,Electronics & Robotics,image_reference,True,25,21,4,25,0,608,1080,low_resolution:9,16,4,5,missing,classification/pre-annotation only,"required for item size, angle, occlusion, packaging and label visibility"
E018_LED Red,E018,item-e018,E018,LED Red,Electronics & Robotics,image_reference,True,22,18,4,22,0,608,1080,low_resolution:8,18,2,2,missing,classification/pre-annotation only,"required for item size, angle, occlusion, packaging and label visibility"
E019_LED Blue,E019,item-e019,E019,LED Blue,Electronics & Robotics,image_reference,True,20,20,0,20,0,608,1080,low_resolution:7,13,3,4,missing,classification/pre-annotation only,"required for item size, angle, occlusion, packaging and label visibility"
E020_MAX30102 Heart Rate and Pulse Oximetry Sensor,E020,item-e020,E020,MAX30102 heart rate and Pulse oximeter Sensor,Electronics & Robotics,image_reference,True,23,20,3,23,0,608,1080,low_resolution:11,19,2,2,missing,classification/pre-annotation only,"required for item size, angle, occlusion, packaging and label visibility"
E021_Soil Moisture Level Sensor,E021,item-e021,E021,Soil Moisture Level Sensor,Electronics & Robotics,image_reference,True,25,22,3,25,0,608,1080,low_resolution:12,20,1,4,missing,classification/pre-annotation only,"required for item size, angle, occlusion, packaging and label visibility"
E022_Rocker Switch 6pin,E022,item-e022,E022,Rocker Switch 6pin,Electronics & Robotics,image_reference,True,17,17,0,17,0,608,1080,low_resolution:8,12,2,3,missing,classification/pre-annotation only,"required for item size, angle, occlusion, packaging and label visibility"
E023_Rocker Switch 2pin (Black),E023,item-e023,E023,Rocker Switch 2pin (Black),Electronics & Robotics,image_reference,True,21,21,0,21,0,608,1080,low_resolution:10,15,5,1,missing,classification/pre-annotation only,"required for item size, angle, occlusion, packaging and label visibility"
E024_Light Dependent Resistor (LDR),E024,item-e024,E024,Light Dependent Resistor (LDR),Electronics & Robotics,image_reference,True,22,22,0,22,0,608,1080,low_resolution:13,13,3,6,missing,classification/pre-annotation only,"required for item size, angle, occlusion, packaging and label visibility"
E025_Resistor 220Ω,E025,item-e025,E025,Resistor 220Ω,Electronics & Robotics,image_reference,True,22,20,2,22,0,608,608,low_resolution:16,18,3,1,missing,classification/pre-annotation only,"required for item size, angle, occlusion, packaging and label visibility"
E026_Jumper Wire M-M,E026,item-e026,E026,Jumper Wire M-M,Electronics & Robotics,image_reference,True,23,20,3,23,0,608,608,low_resolution:18,15,2,6,missing,classification/pre-annotation only,"required for item size, angle, occlusion, packaging and label visibility"
E027_Jumper Wire M-F,E027,item-e027,E027,Jumper Wire M-F,Electronics & Robotics,image_reference,True,22,21,1,22,0,608,608,low_resolution:14,17,2,3,missing,classification/pre-annotation only,"required for item size, angle, occlusion, packaging and label visibility"
E028_HC-SR501 PIR Motion Sensor,E028,item-e028,E028,HC-SR501 PIR Motion Sensor,Electronics & Robotics,image_reference,True,18,18,0,18,0,608,1080,low_resolution:6,14,3,1,missing,classification/pre-annotation only,"required for item size, angle, occlusion, packaging and label visibility"
E029_Maker Line Sensor,E029,item-e029,E029,Maker Line Sensor,Electronics & Robotics,image_reference,True,22,22,0,22,0,608,1080,low_resolution:12,16,3,3,missing,classification/pre-annotation only,"required for item size, angle, occlusion, packaging and label visibility"
E030_16×2 LCD Display,E030,item-e030,E030,16×2 LCD Display,Electronics & Robotics,image_reference,True,22,20,2,22,0,608,608,low_resolution:10,15,6,1,missing,classification/pre-annotation only,"required for item size, angle, occlusion, packaging and label visibility"
L001_test tubes,L001,item-l001,L001,Test tube,Laboratory & Science Supplies,image_reference,True,30,30,0,30,30,3024,4032,,21,8,1,missing,classification/pre-annotation only,"required for item size, angle, occlusion, packaging and label visibility"
L002_test tubes rack,L002,item-l002,L002,Test tube rack,Laboratory & Science Supplies,image_reference,True,39,39,0,39,39,3024,4032,,24,10,5,missing,classification/pre-annotation only,"required for item size, angle, occlusion, packaging and label visibility"
L003_beakers 250ml,L003,item-l003,L003,Beaker 250ml,Laboratory & Science Supplies,image_reference,True,60,60,0,60,60,3024,4032,,49,7,4,missing,classification/pre-annotation only,"required for item size, angle, occlusion, packaging and label visibility"
L004_beakers 1000ml,L004,item-l004,L004,Beaker 1000ml,Laboratory & Science Supplies,image_reference,True,17,17,0,17,17,3024,4032,,11,2,4,missing,classification/pre-annotation only,"required for item size, angle, occlusion, packaging and label visibility"
L005_conical flask 1000ML,L005,item-l005,L005,Conical flask 1000ml,Laboratory & Science Supplies,image_reference,True,39,39,0,39,39,3024,4032,,29,7,3,missing,classification/pre-annotation only,"required for item size, angle, occlusion, packaging and label visibility"
L006_conical flask 5000ml,L006,item-l006,L006,Conical flask 5000ml,Laboratory & Science Supplies,image_reference,True,19,18,1,19,19,3024,4032,,14,2,3,missing,classification/pre-annotation only,"required for item size, angle, occlusion, packaging and label visibility"
L007_pipettes 5ml,L007,item-l007,L007,Pipettes 5ml,Laboratory & Science Supplies,image_reference,True,27,27,0,27,27,3024,4032,,22,2,3,missing,classification/pre-annotation only,"required for item size, angle, occlusion, packaging and label visibility"
L008_pipettes 10ml,L008,item-l008,L008,Pipettes 10ml,Laboratory & Science Supplies,image_reference,True,36,35,1,36,36,3024,4032,,25,3,8,missing,classification/pre-annotation only,"required for item size, angle, occlusion, packaging and label visibility"
L009_ electric thermometer ,L009,item-l009,L009,Electric thermometer,Laboratory & Science Supplies,image_reference,True,27,27,0,27,27,3024,4032,,17,5,5,missing,classification/pre-annotation only,"required for item size, angle, occlusion, packaging and label visibility"
L010_thermometer ,L010,item-l010,L010,Thermometer,Laboratory & Science Supplies,image_reference,True,22,20,2,22,22,3024,4032,low_contrast:3,16,2,4,missing,classification/pre-annotation only,"required for item size, angle, occlusion, packaging and label visibility"
L011_gloves,L011,item-l011,L011,Gloves,Laboratory & Science Supplies,image_reference,True,38,38,0,38,38,3024,4032,,34,2,2,missing,classification/pre-annotation only,"required for item size, angle, occlusion, packaging and label visibility"
L012_gloves LN,L012,item-l012,L012,Glove LN2,Laboratory & Science Supplies,image_reference,True,20,20,0,20,20,3024,4032,,16,1,3,missing,classification/pre-annotation only,"required for item size, angle, occlusion, packaging and label visibility"
L013_petri dishes,L013,item-l013,L013,Petri dishes,Laboratory & Science Supplies,image_reference,True,22,22,0,22,22,3024,4032,,17,2,3,missing,classification/pre-annotation only,"required for item size, angle, occlusion, packaging and label visibility"
L014_syringes 10ml,L014,item-l014,L014,Syringes 10ml,Laboratory & Science Supplies,image_reference,True,35,34,1,35,35,3024,4032,,22,7,6,missing,classification/pre-annotation only,"required for item size, angle, occlusion, packaging and label visibility"
L015_syringes 60ml,L015,item-l015,L015,Syringes 60ml,Laboratory & Science Supplies,image_reference,True,22,22,0,22,22,3024,4032,,13,3,6,missing,classification/pre-annotation only,"required for item size, angle, occlusion, packaging and label visibility"
L016_volumetric flask,L016,item-l016,L016,Volumetric flask,Laboratory & Science Supplies,image_reference,True,23,22,1,23,23,3024,4032,,17,3,3,missing,classification/pre-annotation only,"required for item size, angle, occlusion, packaging and label visibility"
L017_bunsen burner,L017,item-l017,L017,Bunsen burner,Laboratory & Science Supplies,image_reference,True,23,23,0,23,23,3024,4032,,16,4,3,missing,classification/pre-annotation only,"required for item size, angle, occlusion, packaging and label visibility"
L018_glass rod,L018,item-l018,L018,Glass rod,Laboratory & Science Supplies,image_reference,True,24,24,0,24,24,3024,3024,,16,4,4,missing,classification/pre-annotation only,"required for item size, angle, occlusion, packaging and label visibility"
L019_Safety Goggle,L019,item-l019,L019,Safety Goggle,Laboratory & Science Supplies,image_reference,True,40,40,0,40,40,3024,3024,,27,7,6,missing,classification/pre-annotation only,"required for item size, angle, occlusion, packaging and label visibility"
L020_Potassium Iodide,L020,item-l020,L020,Potassium Iodide,Laboratory & Science Supplies,image_reference,True,24,24,0,24,24,3024,4032,,20,3,1,missing,classification/pre-annotation only,"required for item size, angle, occlusion, packaging and label visibility"
L021_Methylated Spirit Solution 95_,L021,item-l021,L021,Methylated spirit solution 95%,Laboratory & Science Supplies,image_reference,True,22,22,0,22,22,3024,4032,,17,4,1,missing,classification/pre-annotation only,"required for item size, angle, occlusion, packaging and label visibility"
L022_Copper (II) Chloride 2-Hydrate,L022,item-l022,L022,Copper (II) Chloride 2-Hydrate,Laboratory & Science Supplies,image_reference,True,25,25,0,25,25,3024,4032,,19,2,4,missing,classification/pre-annotation only,"required for item size, angle, occlusion, packaging and label visibility"
L023_Hydrogen Peroxide Solution 6_,L023,item-l023,L023,Hydrogen Peroxide Solution 6%,Laboratory & Science Supplies,image_reference,True,23,23,0,23,23,3024,4032,,20,2,1,missing,classification/pre-annotation only,"required for item size, angle, occlusion, packaging and label visibility"
L024_Strontium Chloride 6-Hydrate AR,L024,item-l024,L024,Strontium Chloride 6-Hydrate AR,Laboratory & Science Supplies,image_reference,True,25,25,0,25,25,3024,4032,,16,2,7,missing,classification/pre-annotation only,"required for item size, angle, occlusion, packaging and label visibility"
L025_Lithium Chloride,L025,item-l025,L025,Lithium Chloride,Laboratory & Science Supplies,image_reference,True,20,20,0,20,20,3024,4032,,11,4,5,missing,classification/pre-annotation only,"required for item size, angle, occlusion, packaging and label visibility"
L026_universal indicator,L026,item-l026,L026,Universal indicator,Laboratory & Science Supplies,image_reference,True,28,28,0,28,28,3024,4032,,19,2,7,missing,classification/pre-annotation only,"required for item size, angle, occlusion, packaging and label visibility"
S001_Pen,S001,item-s001,S001,Pen,Stationery & Office Supplies,image_reference,True,23,23,0,23,0,3060,3060,,15,3,5,missing,classification/pre-annotation only,"required for item size, angle, occlusion, packaging and label visibility"
S002_PermanentMarker,S002,item-s002,S002,Permanent marker,Stationery & Office Supplies,image_reference,True,20,20,0,20,0,3213,3213,,9,5,6,missing,classification/pre-annotation only,"required for item size, angle, occlusion, packaging and label visibility"
S003_Ruler,S003,item-s003,S003,Ruler,Stationery & Office Supplies,image_reference,True,20,20,0,20,0,2268,3213,,14,5,1,missing,classification/pre-annotation only,"required for item size, angle, occlusion, packaging and label visibility"
S004_Paper,S004,item-s004,S004,Paper,Stationery & Office Supplies,image_reference,True,22,22,0,22,0,3213,3060,,14,3,5,missing,classification/pre-annotation only,"required for item size, angle, occlusion, packaging and label visibility"
S005_StickyNote,S005,item-s005,S005,Sticky note,Stationery & Office Supplies,image_reference,True,20,20,0,20,0,3060,3060,,11,6,3,missing,classification/pre-annotation only,"required for item size, angle, occlusion, packaging and label visibility"
S006_Stapler,S006,item-s006,S006,Stapler,Stationery & Office Supplies,image_reference,True,20,20,0,20,0,3060,3060,,14,2,4,missing,classification/pre-annotation only,"required for item size, angle, occlusion, packaging and label visibility"
S007_BinderClip,S007,item-s007,S007,Binder clip,Stationery & Office Supplies,image_reference,True,20,20,0,20,0,4080,3060,,12,3,5,missing,classification/pre-annotation only,"required for item size, angle, occlusion, packaging and label visibility"
S008_TackIt,S008,item-s008,S008,Tack-it,Stationery & Office Supplies,image_reference,True,21,21,0,21,0,2268,3213,,15,5,1,missing,classification/pre-annotation only,"required for item size, angle, occlusion, packaging and label visibility"
S009_CorrectionTape,S009,item-s009,S009,Correction tape,Stationery & Office Supplies,image_reference,True,20,20,0,20,0,4080,3060,,16,1,3,missing,classification/pre-annotation only,"required for item size, angle, occlusion, packaging and label visibility"
S010_PaperClip,S010,item-s010,S010,Paper clip,Stationery & Office Supplies,image_reference,True,21,21,0,21,0,2268,2268,,16,4,1,missing,classification/pre-annotation only,"required for item size, angle, occlusion, packaging and label visibility"
S011_WhiteboardMarker,S011,item-s011,S011,Whiteboard marker,Stationery & Office Supplies,image_reference,True,20,20,0,20,0,4080,3060,,16,1,3,missing,classification/pre-annotation only,"required for item size, angle, occlusion, packaging and label visibility"
S012_Sellotape,S012,item-s012,S012,Sellotape,Stationery & Office Supplies,image_reference,True,20,20,0,20,0,4080,3060,,14,3,3,missing,classification/pre-annotation only,"required for item size, angle, occlusion, packaging and label visibility"
S013_ClipBoard,S013,item-s013,S013,Clipboard,Stationery & Office Supplies,image_reference,True,20,20,0,20,0,4080,3060,,14,4,2,missing,classification/pre-annotation only,"required for item size, angle, occlusion, packaging and label visibility"
S014_Pendrive,S014,item-s014,S014,Pendrive,Stationery & Office Supplies,image_reference,True,20,20,0,20,0,3213,3213,,15,3,2,missing,classification/pre-annotation only,"required for item size, angle, occlusion, packaging and label visibility"
S015_Eraser,S015,item-s015,S015,Eraser,Stationery & Office Supplies,image_reference,True,21,21,0,21,0,2268,2268,,16,2,3,missing,classification/pre-annotation only,"required for item size, angle, occlusion, packaging and label visibility"
T001_Scissor,T001,item-t001,T001,Scissor,Tools & Equipment,image_reference,True,20,20,0,20,0,3213,3213,,16,3,1,missing,classification/pre-annotation only,"required for item size, angle, occlusion, packaging and label visibility"
T002_Plier,T002,item-t002,T002,Plier,Tools & Equipment,image_reference,True,21,21,0,21,0,2268,2268,,17,2,2,missing,classification/pre-annotation only,"required for item size, angle, occlusion, packaging and label visibility"
T003_Screwdriver,T003,item-t003,T003,Screwdriver,Tools & Equipment,image_reference,True,42,42,0,42,0,3024,3060,,29,7,6,missing,classification/pre-annotation only,"required for item size, angle, occlusion, packaging and label visibility"
T004_GlueGun,T004,item-t004,T004,Glue gun,Tools & Equipment,image_reference,True,36,36,0,36,0,2268,2268,,24,4,8,missing,classification/pre-annotation only,"required for item size, angle, occlusion, packaging and label visibility"
T005_MeasuringTape,T005,item-t005,T005,Measure Tape,Tools & Equipment,image_reference,True,47,47,0,47,0,2268,3213,,31,11,5,missing,classification/pre-annotation only,"required for item size, angle, occlusion, packaging and label visibility"
T006_Cutter,T006,item-t006,T006,Cutter,Tools & Equipment,image_reference,True,21,21,0,21,0,3213,3213,,16,1,4,missing,classification/pre-annotation only,"required for item size, angle, occlusion, packaging and label visibility"
T007_CuttingMat,T007,item-t007,T007,Cutting Mat,Tools & Equipment,image_reference,True,20,20,0,20,0,4080,3060,,15,2,3,missing,classification/pre-annotation only,"required for item size, angle, occlusion, packaging and label visibility"
T008_SolderPen,T008,item-t008,T008,Solder Pen,Tools & Equipment,image_reference,True,21,21,0,21,0,3024,4032,,15,4,2,missing,classification/pre-annotation only,"required for item size, angle, occlusion, packaging and label visibility"
T009_SolderWire,T009,item-t009,T009,Solder Wire,Tools & Equipment,image_reference,True,21,21,0,21,0,3024,4032,,14,4,3,missing,classification/pre-annotation only,"required for item size, angle, occlusion, packaging and label visibility"
T010_SmokeAbsorber,T010,item-t010,T010,Smoke Absorber,Tools & Equipment,image_reference,True,20,20,0,20,0,3024,3024,,11,5,4,missing,classification/pre-annotation only,"required for item size, angle, occlusion, packaging and label visibility"
T011_Hammer,T011,item-t011,T011,Hammer,Tools & Equipment,image_reference,True,23,23,0,23,0,3024,4032,,15,3,5,missing,classification/pre-annotation only,"required for item size, angle, occlusion, packaging and label visibility"
T012_Mallet,T012,item-t012,T012,Mallet,Tools & Equipment,image_reference,True,22,22,0,22,0,3024,4032,,18,3,1,missing,classification/pre-annotation only,"required for item size, angle, occlusion, packaging and label visibility"
T013_ScrewPhillips,T013,item-t013,T013,Screw Phillips,Tools & Equipment,image_reference,True,22,22,0,22,0,3024,4032,,20,1,1,missing,classification/pre-annotation only,"required for item size, angle, occlusion, packaging and label visibility"
T014_Spanner,T014,item-t014,T014,Spanner,Tools & Equipment,image_reference,True,35,35,0,35,0,3024,4032,,25,4,6,missing,classification/pre-annotation only,"required for item size, angle, occlusion, packaging and label visibility"
T015_Caliper,T015,item-t015,T015,Caliper,Tools & Equipment,image_reference,True,23,23,0,23,0,3024,4032,,17,2,4,missing,classification/pre-annotation only,"required for item size, angle, occlusion, packaging and label visibility"
