group_id,group_type,group_size,class_folder,member_path,sha256,dhash
dup-0001,near_or_exact,8,E026_Jumper Wire M-M,FOR AIIC SUBMISSION/Inventory_Photos/Electronics_Robotics/E026_Jumper Wire M-M/WhatsApp Image 2026-08-11 at 6.07.02 PM (2).jpeg,b50fecd04c7ccfad82e3636989325914dc6993df176fabb0680a728f6925d452,3a3d3c3353593939
dup-0001,near_or_exact,8,E026_Jumper Wire M-M,FOR AIIC SUBMISSION/Inventory_Photos/Electronics_Robotics/E026_Jumper Wire M-M/WhatsApp Image 2026-08-11 at 6.07.07 PM.jpeg,5463657f7d5c77bdcbd9d09bc5f6f20c01abd1d6aed0d8b7d75074636f880cb6,3a3d3c3353533939
dup-0001,near_or_exact,8,E026_Jumper Wire M-M,FOR AIIC SUBMISSION/Inventory_Photos/Electronics_Robotics/E026_Jumper Wire M-M/WhatsApp Image 2026-08-11 at 6.07.04 PM.jpeg,b01abbd4686828520e678a7089513f056875efa71da86a3d193b36dc769c4bec,3b3c3c3153593939
dup-0001,near_or_exact,8,E027_Jumper Wire M-F,FOR AIIC SUBMISSION/Inventory_Photos/Electronics_Robotics/E027_Jumper Wire M-F/WhatsApp Image 2026-08-11 at 6.07.07 PM.jpeg,5463657f7d5c77bdcbd9d09bc5f6f20c01abd1d6aed0d8b7d75074636f880cb6,3a3d3c3353533939
dup-0001,near_or_exact,8,E026_Jumper Wire M-M,FOR AIIC SUBMISSION/Inventory_Photos/Electronics_Robotics/E026_Jumper Wire M-M/WhatsApp Image 2026-08-11 at 6.07.06 PM (1).jpeg,af047dda5acf8c2f5d60b44063a86bf62b18c1a2773678e355ca244087e4c5cd,3b3d3c3153533939
dup-0001,near_or_exact,8,E027_Jumper Wire M-F,FOR AIIC SUBMISSION/Inventory_Photos/Electronics_Robotics/E027_Jumper Wire M-F/WhatsApp Image 2026-08-11 at 6.07.06 PM (1).jpeg,af047dda5acf8c2f5d60b44063a86bf62b18c1a2773678e355ca244087e4c5cd,3b3d3c3153533939
dup-0001,near_or_exact,8,E026_Jumper Wire M-M,FOR AIIC SUBMISSION/Inventory_Photos/Electronics_Robotics/E026_Jumper Wire M-M/WhatsApp Image 2026-08-11 at 6.07.06 PM.jpeg,e7e47b000c58de3f23d5534c4ff1274d88cfdc7df7d2bba1828cdd843049b96a,3b3d3c3153593939
dup-0001,near_or_exact,8,E027_Jumper Wire M-F,FOR AIIC SUBMISSION/Inventory_Photos/Electronics_Robotics/E027_Jumper Wire M-F/WhatsApp Image 2026-08-11 at 6.07.06 PM.jpeg,e7e47b000c58de3f23d5534c4ff1274d88cfdc7df7d2bba1828cdd843049b96a,3b3d3c3153593939
dup-0002,exact,4,E030_16×2 LCD Display,FOR AIIC SUBMISSION/Inventory_Photos/Electronics_Robotics/E030_16×2 LCD Display/WhatsApp Image 2026-08-11 at 6.06.27 PM (2).jpeg,66f7f356383073f697431e729a6b6ee6ed8ebbee84bd29cb03073d5275795aae,edd9b1371e3f1b0d
dup-0002,exact,4,E030_16×2 LCD Display,FOR AIIC SUBMISSION/Inventory_Photos/Electronics_Robotics/E030_16×2 LCD Display/WhatsApp Image 2026-08-11 at 6.06.24 PM (1).jpeg,66f7f356383073f697431e729a6b6ee6ed8ebbee84bd29cb03073d5275795aae,edd9b1371e3f1b0d
dup-0002,exact,4,E025_Resistor 220Ω,FOR AIIC SUBMISSION/Inventory_Photos/Electronics_Robotics/E025_Resistor 220Ω/WhatsApp Image 2026-08-11 at 6.06.27 PM (2).jpeg,66f7f356383073f697431e729a6b6ee6ed8ebbee84bd29cb03073d5275795aae,edd9b1371e3f1b0d
dup-0002,exact,4,E025_Resistor 220Ω,FOR AIIC SUBMISSION/Inventory_Photos/Electronics_Robotics/E025_Resistor 220Ω/WhatsApp Image 2026-08-11 at 6.06.24 PM (1).jpeg,66f7f356383073f697431e729a6b6ee6ed8ebbee84bd29cb03073d5275795aae,edd9b1371e3f1b0d
dup-0003,exact,4,E030_16×2 LCD Display,FOR AIIC SUBMISSION/Inventory_Photos/Electronics_Robotics/E030_16×2 LCD Display/WhatsApp Image 2026-08-11 at 6.06.23 PM (1).jpeg,a0fc57f97aa8475b8e11c2dfcff3625740ddbdcdb7d582a8ca541190460de546,edb835363e7e1b08
dup-0003,exact,4,E030_16×2 LCD Display,FOR AIIC SUBMISSION/Inventory_Photos/Electronics_Robotics/E030_16×2 LCD Display/WhatsApp Image 2026-08-11 at 6.06.27 PM.jpeg,a0fc57f97aa8475b8e11c2dfcff3625740ddbdcdb7d582a8ca541190460de546,edb835363e7e1b08
dup-0003,exact,4,E025_Resistor 220Ω,FOR AIIC SUBMISSION/Inventory_Photos/Electronics_Robotics/E025_Resistor 220Ω/WhatsApp Image 2026-08-11 at 6.06.23 PM (1).jpeg,a0fc57f97aa8475b8e11c2dfcff3625740ddbdcdb7d582a8ca541190460de546,edb835363e7e1b08
dup-0003,exact,4,E025_Resistor 220Ω,FOR AIIC SUBMISSION/Inventory_Photos/Electronics_Robotics/E025_Resistor 220Ω/WhatsApp Image 2026-08-11 at 6.06.27 PM.jpeg,a0fc57f97aa8475b8e11c2dfcff3625740ddbdcdb7d582a8ca541190460de546,edb835363e7e1b08
dup-0004,exact,4,E021_Soil Moisture Level Sensor,FOR AIIC SUBMISSION/Inventory_Photos/Electronics_Robotics/E021_Soil Moisture Level Sensor/IMG_2241.jpeg,13a66fb46cec439c004416e85395eba8cab2e01d833a212d5b3d370d737e979c,0b4e531d8fc159f4
dup-0004,exact,4,E027_Jumper Wire M-F,FOR AIIC SUBMISSION/Inventory_Photos/Electronics_Robotics/E027_Jumper Wire M-F/IMG_2241.jpeg,13a66fb46cec439c004416e85395eba8cab2e01d833a212d5b3d370d737e979c,0b4e531d8fc159f4
dup-0004,exact,4,E013_Sound Sensor,FOR AIIC SUBMISSION/Inventory_Photos/Electronics_Robotics/E013_Sound Sensor/IMG_2241.JPG,13a66fb46cec439c004416e85395eba8cab2e01d833a212d5b3d370d737e979c,0b4e531d8fc159f4
dup-0004,exact,4,E014_Lilypad Coin Cell Battery Holder,FOR AIIC SUBMISSION/Inventory_Photos/Electronics_Robotics/E014_Lilypad Coin Cell Battery Holder/IMG_2241.jpeg,13a66fb46cec439c004416e85395eba8cab2e01d833a212d5b3d370d737e979c,0b4e531d8fc159f4
dup-0005,exact,4,E027_Jumper Wire M-F,FOR AIIC SUBMISSION/Inventory_Photos/Electronics_Robotics/E027_Jumper Wire M-F/IMG_2244.jpeg,d4bdd58aba868653e1236f36a99581f34229514769b276eb56f82afb98f6ef37,6b6228c1a32c345c
dup-0005,exact,4,E019_LED Blue,FOR AIIC SUBMISSION/Inventory_Photos/Electronics_Robotics/E019_LED Blue/IMG_2244.jpeg,d4bdd58aba868653e1236f36a99581f34229514769b276eb56f82afb98f6ef37,6b6228c1a32c345c
dup-0005,exact,4,E008_N20 Mini Micro Metal Gear,FOR AIIC SUBMISSION/Inventory_Photos/Electronics_Robotics/E008_N20 Mini Micro Metal Gear/IMG_2244.JPG,d4bdd58aba868653e1236f36a99581f34229514769b276eb56f82afb98f6ef37,6b6228c1a32c345c
dup-0005,exact,4,E010_N20 Micro Metal Gear Motor,FOR AIIC SUBMISSION/Inventory_Photos/Electronics_Robotics/E010_N20 Micro Metal Gear Motor/IMG_2244.JPG,d4bdd58aba868653e1236f36a99581f34229514769b276eb56f82afb98f6ef37,6b6228c1a32c345c
dup-0006,exact,4,E008_N20 Mini Micro Metal Gear,FOR AIIC SUBMISSION/Inventory_Photos/Electronics_Robotics/E008_N20 Mini Micro Metal Gear/IMG_2272.jpeg,e380451cb96dc797c3a3c96f102c5c0d628b385f54a2dbbfe571a235dbef56f3,8b187e6101801803
dup-0006,exact,4,E008_N20 Mini Micro Metal Gear,FOR AIIC SUBMISSION/Inventory_Photos/Electronics_Robotics/E008_N20 Mini Micro Metal Gear/IMG_2272.JPG,e380451cb96dc797c3a3c96f102c5c0d628b385f54a2dbbfe571a235dbef56f3,8b187e6101801803
dup-0006,exact,4,E010_N20 Micro Metal Gear Motor,FOR AIIC SUBMISSION/Inventory_Photos/Electronics_Robotics/E010_N20 Micro Metal Gear Motor/IMG_2272.jpeg,e380451cb96dc797c3a3c96f102c5c0d628b385f54a2dbbfe571a235dbef56f3,8b187e6101801803
dup-0006,exact,4,E010_N20 Micro Metal Gear Motor,FOR AIIC SUBMISSION/Inventory_Photos/Electronics_Robotics/E010_N20 Micro Metal Gear Motor/IMG_2272.JPG,e380451cb96dc797c3a3c96f102c5c0d628b385f54a2dbbfe571a235dbef56f3,8b187e6101801803
dup-0007,exact,4,E008_N20 Mini Micro Metal Gear,FOR AIIC SUBMISSION/Inventory_Photos/Electronics_Robotics/E008_N20 Mini Micro Metal Gear/IMG_2270.jpeg,8520f7b9493969b9ee049623b8f38dd7d6e7fd1eb4f6df0ef09f078e7b92ae3a,66e51f0848930303
dup-0007,exact,4,E008_N20 Mini Micro Metal Gear,FOR AIIC SUBMISSION/Inventory_Photos/Electronics_Robotics/E008_N20 Mini Micro Metal Gear/IMG_2270.JPG,8520f7b9493969b9ee049623b8f38dd7d6e7fd1eb4f6df0ef09f078e7b92ae3a,66e51f0848930303
dup-0007,exact,4,E010_N20 Micro Metal Gear Motor,FOR AIIC SUBMISSION/Inventory_Photos/Electronics_Robotics/E010_N20 Micro Metal Gear Motor/IMG_2270.jpeg,8520f7b9493969b9ee049623b8f38dd7d6e7fd1eb4f6df0ef09f078e7b92ae3a,66e51f0848930303
dup-0007,exact,4,E010_N20 Micro Metal Gear Motor,FOR AIIC SUBMISSION/Inventory_Photos/Electronics_Robotics/E010_N20 Micro Metal Gear Motor/IMG_2270.JPG,8520f7b9493969b9ee049623b8f38dd7d6e7fd1eb4f6df0ef09f078e7b92ae3a,66e51f0848930303
dup-0008,exact,4,E008_N20 Mini Micro Metal Gear,FOR AIIC SUBMISSION/Inventory_Photos/Electronics_Robotics/E008_N20 Mini Micro Metal Gear/IMG_2268.jpeg,df5a4b18f3545901079e6c0468446d5e6f05c9560ed761fffd52a13e6da50cab,796c268d92cc5023
dup-0008,exact,4,E008_N20 Mini Micro Metal Gear,FOR AIIC SUBMISSION/Inventory_Photos/Electronics_Robotics/E008_N20 Mini Micro Metal Gear/IMG_2268.JPG,df5a4b18f3545901079e6c0468446d5e6f05c9560ed761fffd52a13e6da50cab,796c268d92cc5023
dup-0008,exact,4,E010_N20 Micro Metal Gear Motor,FOR AIIC SUBMISSION/Inventory_Photos/Electronics_Robotics/E010_N20 Micro Metal Gear Motor/IMG_2268.jpeg,df5a4b18f3545901079e6c0468446d5e6f05c9560ed761fffd52a13e6da50cab,796c268d92cc5023
dup-0008,exact,4,E010_N20 Micro Metal Gear Motor,FOR AIIC SUBMISSION/Inventory_Photos/Electronics_Robotics/E010_N20 Micro Metal Gear Motor/IMG_2268.JPG,df5a4b18f3545901079e6c0468446d5e6f05c9560ed761fffd52a13e6da50cab,796c268d92cc5023
dup-0009,exact,3,E006_NodeMCU,FOR AIIC SUBMISSION/Inventory_Photos/Electronics_Robotics/E006_NodeMCU/WhatsApp Image 2026-08-11 at 6.05.09 PM (3).jpeg,95c96f631f03c69356f04d0908d8d6daf076ed678489481ddf31f2a8e6905075,9b18d58534364a4d
dup-0009,exact,3,E017_RC522 RFID Card Reader,FOR AIIC SUBMISSION/Inventory_Photos/Electronics_Robotics/E017_RC522 RFID Card Reader/WhatsApp Image 2026-08-11 at 6.05.09 PM (2).jpeg,95c96f631f03c69356f04d0908d8d6daf076ed678489481ddf31f2a8e6905075,9b18d58534364a4d
dup-0009,exact,3,E006_NodeMCU,FOR AIIC SUBMISSION/Inventory_Photos/Electronics_Robotics/E006_NodeMCU/WhatsApp Image 2026-08-11 at 6.05.09 PM (2).jpeg,95c96f631f03c69356f04d0908d8d6daf076ed678489481ddf31f2a8e6905075,9b18d58534364a4d
dup-0010,exact,3,E030_16×2 LCD Display,FOR AIIC SUBMISSION/Inventory_Photos/Electronics_Robotics/E030_16×2 LCD Display/WhatsApp Image 2026-08-11 at 6.06.27 PM (1).jpeg,5329ce986ac54c41f3451149bff358fd7edddcdf26518a2813151291a441c887,060686926773930b
dup-0010,exact,3,E025_Resistor 220Ω,FOR AIIC SUBMISSION/Inventory_Photos/Electronics_Robotics/E025_Resistor 220Ω/WhatsApp Image 2026-08-11 at 6.06.27 PM (1).jpeg,5329ce986ac54c41f3451149bff358fd7edddcdf26518a2813151291a441c887,060686926773930b
dup-0010,exact,3,E005_Gas Sensor MQ6,FOR AIIC SUBMISSION/Inventory_Photos/Electronics_Robotics/E005_Gas Sensor MQ6/WhatsApp Image 2026-08-11 at 6.06.27 PM (1).jpeg,5329ce986ac54c41f3451149bff358fd7edddcdf26518a2813151291a441c887,060686926773930b
dup-0011,exact,3,E026_Jumper Wire M-M,FOR AIIC SUBMISSION/Inventory_Photos/Electronics_Robotics/E026_Jumper Wire M-M/WhatsApp Image 2026-08-11 at 6.07.09 PM (1).jpeg,8608b83372fa0c33b24354151116c958fc08e14b83122894e27ebde0b2af78c4,93a62858c44a1c29
dup-0011,exact,3,E027_Jumper Wire M-F,FOR AIIC SUBMISSION/Inventory_Photos/Electronics_Robotics/E027_Jumper Wire M-F/WhatsApp Image 2026-08-11 at 6.07.09 PM (1).jpeg,8608b83372fa0c33b24354151116c958fc08e14b83122894e27ebde0b2af78c4,93a62858c44a1c29
dup-0011,exact,3,E026_Jumper Wire M-M,FOR AIIC SUBMISSION/Inventory_Photos/Electronics_Robotics/E026_Jumper Wire M-M/WhatsApp Image 2026-08-11 at 6.07.09 PM (1)(1).jpeg,8608b83372fa0c33b24354151116c958fc08e14b83122894e27ebde0b2af78c4,93a62858c44a1c29
dup-0012,near_or_exact,3,E027_Jumper Wire M-F,FOR AIIC SUBMISSION/Inventory_Photos/Electronics_Robotics/E027_Jumper Wire M-F/WhatsApp Image 2026-08-11 at 6.07.05 PM (1).jpeg,069c4804f296b1b7502034c7118fe17f90fe5bf9d2c5327ad27ae2161c8118de,3826491919492a36
dup-0012,near_or_exact,3,E027_Jumper Wire M-F,FOR AIIC SUBMISSION/Inventory_Photos/Electronics_Robotics/E027_Jumper Wire M-F/WhatsApp Image 2026-08-11 at 6.07.05 PM (1)(1).jpeg,069c4804f296b1b7502034c7118fe17f90fe5bf9d2c5327ad27ae2161c8118de,3826491919492a36
dup-0012,near_or_exact,3,E027_Jumper Wire M-F,FOR AIIC SUBMISSION/Inventory_Photos/Electronics_Robotics/E027_Jumper Wire M-F/WhatsApp Image 2026-08-11 at 6.07.09 PM.jpeg,2e5f20990dd151809977a96e1096c61002f601716a9abb14096e09da6d083136,3826491959492a36
dup-0013,exact,3,E027_Jumper Wire M-F,FOR AIIC SUBMISSION/Inventory_Photos/Electronics_Robotics/E027_Jumper Wire M-F/IMG_2243.jpeg,4dc91d859f8d4366e060c5145d17eb6e5b93e1c52ddfbbb73bd9cbaddfbbbac2,31094d3936373a20
dup-0013,exact,3,E008_N20 Mini Micro Metal Gear,FOR AIIC SUBMISSION/Inventory_Photos/Electronics_Robotics/E008_N20 Mini Micro Metal Gear/IMG_2243.JPG,4dc91d859f8d4366e060c5145d17eb6e5b93e1c52ddfbbb73bd9cbaddfbbbac2,31094d3936373a20
dup-0013,exact,3,E010_N20 Micro Metal Gear Motor,FOR AIIC SUBMISSION/Inventory_Photos/Electronics_Robotics/E010_N20 Micro Metal Gear Motor/IMG_2243.JPG,4dc91d859f8d4366e060c5145d17eb6e5b93e1c52ddfbbb73bd9cbaddfbbbac2,31094d3936373a20
dup-0014,exact,3,E016_CR2032 battery holder,FOR AIIC SUBMISSION/Inventory_Photos/Electronics_Robotics/E016_CR2032 battery holder/IMG_2245.jpeg,bb61a58573af28a2b31a786a335bb1383823d2b91334ccddfe08e21bbfa375c2,dde77e5f2625d292
dup-0014,exact,3,E017_RC522 RFID Card Reader,FOR AIIC SUBMISSION/Inventory_Photos/Electronics_Robotics/E017_RC522 RFID Card Reader/IMG_2245.JPG,bb61a58573af28a2b31a786a335bb1383823d2b91334ccddfe08e21bbfa375c2,dde77e5f2625d292
dup-0014,exact,3,E017_RC522 RFID Card Reader,FOR AIIC SUBMISSION/Inventory_Photos/Electronics_Robotics/E017_RC522 RFID Card Reader/IMG_2245.jpeg,bb61a58573af28a2b31a786a335bb1383823d2b91334ccddfe08e21bbfa375c2,dde77e5f2625d292
dup-0015,exact,3,E019_LED Blue,FOR AIIC SUBMISSION/Inventory_Photos/Electronics_Robotics/E019_LED Blue/IMG_2313.jpeg,2ffca293bd960075247237387e493517bfecddb45953a8f2c4a7d1ae7dee9825,65a0d010c5c0c480
dup-0015,exact,3,E018_LED Red,FOR AIIC SUBMISSION/Inventory_Photos/Electronics_Robotics/E018_LED Red/IMG_2313.jpeg,2ffca293bd960075247237387e493517bfecddb45953a8f2c4a7d1ae7dee9825,65a0d010c5c0c480
dup-0015,exact,3,E018_LED Red,FOR AIIC SUBMISSION/Inventory_Photos/Electronics_Robotics/E018_LED Red/IMG_2313.JPG,2ffca293bd960075247237387e493517bfecddb45953a8f2c4a7d1ae7dee9825,65a0d010c5c0c480
dup-0016,exact,3,E019_LED Blue,FOR AIIC SUBMISSION/Inventory_Photos/Electronics_Robotics/E019_LED Blue/IMG_2314.jpeg,76a98572703ab7ee9fd2f434cb8afbe84e78e846f1457db592a9a86d56afab40,8695ef0900800701
dup-0016,exact,3,E018_LED Red,FOR AIIC SUBMISSION/Inventory_Photos/Electronics_Robotics/E018_LED Red/IMG_2314.JPG,76a98572703ab7ee9fd2f434cb8afbe84e78e846f1457db592a9a86d56afab40,8695ef0900800701
dup-0016,exact,3,E018_LED Red,FOR AIIC SUBMISSION/Inventory_Photos/Electronics_Robotics/E018_LED Red/IMG_2314.jpeg,76a98572703ab7ee9fd2f434cb8afbe84e78e846f1457db592a9a86d56afab40,8695ef0900800701
dup-0017,exact,3,E018_LED Red,FOR AIIC SUBMISSION/Inventory_Photos/Electronics_Robotics/E018_LED Red/IMG_2312.JPG,bd9dda281b3eb84e8d12b70ee654bef56f72ce578889ae7b163d4f72e92b4c1b,4760900508880201
dup-0017,exact,3,E019_LED Blue,FOR AIIC SUBMISSION/Inventory_Photos/Electronics_Robotics/E019_LED Blue/IMG_2312.jpeg,bd9dda281b3eb84e8d12b70ee654bef56f72ce578889ae7b163d4f72e92b4c1b,4760900508880201
dup-0017,exact,3,E018_LED Red,FOR AIIC SUBMISSION/Inventory_Photos/Electronics_Robotics/E018_LED Red/IMG_2312.jpeg,bd9dda281b3eb84e8d12b70ee654bef56f72ce578889ae7b163d4f72e92b4c1b,4760900508880201
dup-0018,exact,3,E017_RC522 RFID Card Reader,FOR AIIC SUBMISSION/Inventory_Photos/Electronics_Robotics/E017_RC522 RFID Card Reader/WhatsApp Image 2026-08-11 at 6.05.06 PM.jpeg,81f93911d7afce09d7af8a8e5be42f9a1c5996c45c0c631bda5d1d3cd4b993ba,222d8db299155b10
dup-0018,exact,3,E006_NodeMCU,FOR AIIC SUBMISSION/Inventory_Photos/Electronics_Robotics/E006_NodeMCU/WhatsApp Image 2026-08-11 at 6.05.10 PM (2).jpeg,81f93911d7afce09d7af8a8e5be42f9a1c5996c45c0c631bda5d1d3cd4b993ba,222d8db299155b10
dup-0018,exact,3,E006_NodeMCU,FOR AIIC SUBMISSION/Inventory_Photos/Electronics_Robotics/E006_NodeMCU/WhatsApp Image 2026-08-11 at 6.05.06 PM.jpeg,81f93911d7afce09d7af8a8e5be42f9a1c5996c45c0c631bda5d1d3cd4b993ba,222d8db299155b10
dup-0019,near_or_exact,3,E003_Motor Shield,FOR AIIC SUBMISSION/Inventory_Photos/Electronics_Robotics/E003_Motor Shield/WhatsApp Image 2026-08-11 at 6.07.12 PM (2).jpeg,99905c3c05d785e7869afdd5d722a894babb67476cb5cffb561130f6ac825ce4,2a272333195b670f
dup-0019,near_or_exact,3,E003_Motor Shield,FOR AIIC SUBMISSION/Inventory_Photos/Electronics_Robotics/E003_Motor Shield/WhatsApp Image 2026-08-11 at 6.07.10 PM (1).jpeg,b01c2dbfb2c0f285380f95cc1919103dfac3b9f414f4410388dca0b7335fafe3,2a272333194b670f
dup-0019,near_or_exact,3,E003_Motor Shield,FOR AIIC SUBMISSION/Inventory_Photos/Electronics_Robotics/E003_Motor Shield/WhatsApp Image 2026-08-11 at 6.07.11 PM (1).jpeg,04936abf469be4d35e4b0096506191533e76d5868345155d4b994e9ad04851a4,2a2723331949670f
dup-0020,near_or_exact,3,E004_Breadboard,FOR AIIC SUBMISSION/Inventory_Photos/Electronics_Robotics/E004_Breadboard/WhatsApp Image 2026-08-11 at 6.07.14 PM (1).jpeg,44fccbbb73b6c24724ce28cc5dd9683ba44406d394adff84215292fd99319938,183a1c2e2e66761e
dup-0020,near_or_exact,3,E004_Breadboard,FOR AIIC SUBMISSION/Inventory_Photos/Electronics_Robotics/E004_Breadboard/WhatsApp Image 2026-08-11 at 6.07.14 PM (2).jpeg,56091e2dd8d2703a08acad5ebbc4a7c1c1b9db52d43587731d433599fa5826f6,183a1c3e2e66761e
dup-0020,near_or_exact,3,E004_Breadboard,FOR AIIC SUBMISSION/Inventory_Photos/Electronics_Robotics/E004_Breadboard/WhatsApp Image 2026-08-11 at 6.07.13 PM (1).jpeg,893db8ce0888efff024b59d47406e9238d84efe181f871ba6d3b42a4dbfb3f58,183a1c3e2e66361e
dup-0021,exact,3,C003_thread,FOR AIIC SUBMISSION/Inventory_Photos/Craft_Materials_STEM_Kits/C003_thread/Copy of C003_THREAD_C003_02(1).JPG,274c3f1dc781eb4286717a349a1408a6ce13aeb9294f6190d0de9bdfc8a9cc23,06262f0f0eb28249
dup-0021,exact,3,C003_thread,FOR AIIC SUBMISSION/Inventory_Photos/Craft_Materials_STEM_Kits/C003_thread/C003_THREAD_C003_02.HEIC,274c3f1dc781eb4286717a349a1408a6ce13aeb9294f6190d0de9bdfc8a9cc23,06262f0f0eb28249
dup-0021,exact,3,C003_thread,FOR AIIC SUBMISSION/Inventory_Photos/Craft_Materials_STEM_Kits/C003_thread/Copy of C003_THREAD_C003_02.JPG,274c3f1dc781eb4286717a349a1408a6ce13aeb9294f6190d0de9bdfc8a9cc23,06262f0f0eb28249
dup-0022,exact,2,L016_volumetric flask,FOR AIIC SUBMISSION/Inventory_Photos/Laboratory_Science_Supplies/L016_volumetric flask/L016_VOLUMETRIC FLASK_L016_13.JPG,1a662cc7fbc81bc003fca502b3e8bee8a1ce7e36e5c5a0aaf3837935655d68aa,173737b7b7b3f163
dup-0022,exact,2,L016_volumetric flask,FOR AIIC SUBMISSION/Inventory_Photos/Laboratory_Science_Supplies/L016_volumetric flask/L016_VOLUMETRIC FLASK_L016_12.JPG,1a662cc7fbc81bc003fca502b3e8bee8a1ce7e36e5c5a0aaf3837935655d68aa,173737b7b7b3f163
dup-0023,exact,2,L014_syringes 10ml,FOR AIIC SUBMISSION/Inventory_Photos/Laboratory_Science_Supplies/L014_syringes 10ml/L014_SYRINGES 10ML_L014_06.JPG,6f26de6d303b73a2444d3dea74651c953a0aa0b050553e1cbaca66460d998053,f29adcde8c9a7a61
dup-0023,exact,2,L014_syringes 10ml,FOR AIIC SUBMISSION/Inventory_Photos/Laboratory_Science_Supplies/L014_syringes 10ml/L014_SYRINGES 10ML_L014_07(1).JPG,6f26de6d303b73a2444d3dea74651c953a0aa0b050553e1cbaca66460d998053,f29adcde8c9a7a61
dup-0024,near_or_exact,2,L008_pipettes 10ml,FOR AIIC SUBMISSION/Inventory_Photos/Laboratory_Science_Supplies/L008_pipettes 10ml/L008_PIPETTES 10ML_L008_09.JPG,3dd23ae62bed20827bd3f500e71e66dce2e998314442a94e0d9f44196dcb0752,040ea3c7cf9b376f
dup-0024,near_or_exact,2,L008_pipettes 10ml,FOR AIIC SUBMISSION/Inventory_Photos/Laboratory_Science_Supplies/L008_pipettes 10ml/L008_PIPETTES 10ML_L008_10.JPG,586cd9e7c2ff8388c1cdebf973ea30c7854021f13124281021190c0d7559c991,041ea3c7cf9b336f
dup-0025,exact,2,E028_HC-SR501 PIR Motion Sensor,FOR AIIC SUBMISSION/Inventory_Photos/Electronics_Robotics/E028_HC-SR501 PIR Motion Sensor/WhatsApp Image 2026-08-11 at 6.06.20 PM (1).jpeg,4f8e30807acd381430c2f05d67da8a3899811a90f0cd2a3f49193374959a24f7,9094161182410006
dup-0025,exact,2,E024_Light Dependent Resistor (LDR),FOR AIIC SUBMISSION/Inventory_Photos/Electronics_Robotics/E024_Light Dependent Resistor (LDR)/WhatsApp Image 2026-08-11 at 6.06.20 PM (1).jpeg,4f8e30807acd381430c2f05d67da8a3899811a90f0cd2a3f49193374959a24f7,9094161182410006
dup-0026,exact,2,E027_Jumper Wire M-F,FOR AIIC SUBMISSION/Inventory_Photos/Electronics_Robotics/E027_Jumper Wire M-F/WhatsApp Image 2026-08-11 at 6.07.03 PM (2).jpeg,4e47b09eaee6557ea627459866199ba2ec9730ae17ebb1d57a7ce655882678cb,171e525151726a66
dup-0026,exact,2,E026_Jumper Wire M-M,FOR AIIC SUBMISSION/Inventory_Photos/Electronics_Robotics/E026_Jumper Wire M-M/WhatsApp Image 2026-08-11 at 6.07.03 PM (2).jpeg,4e47b09eaee6557ea627459866199ba2ec9730ae17ebb1d57a7ce655882678cb,171e525151726a66
dup-0027,exact,2,E026_Jumper Wire M-M,FOR AIIC SUBMISSION/Inventory_Photos/Electronics_Robotics/E026_Jumper Wire M-M/WhatsApp Image 2026-08-11 at 6.07.02 PM.jpeg,1392199bc9858c5db03c544926239a1d0377fbbafb7e6f0df2529f83cb2ed4a5,a8c98b0a8dcb0914
dup-0027,exact,2,E026_Jumper Wire M-M,FOR AIIC SUBMISSION/Inventory_Photos/Electronics_Robotics/E026_Jumper Wire M-M/WhatsApp Image 2026-08-11 at 6.07.06 PM (2).jpeg,1392199bc9858c5db03c544926239a1d0377fbbafb7e6f0df2529f83cb2ed4a5,a8c98b0a8dcb0914
dup-0028,exact,2,E001_Arduino Uno,FOR AIIC SUBMISSION/Inventory_Photos/Electronics_Robotics/E001_Arduino Uno/WhatsApp Image 2026-08-12 at 11.07.17 AM.jpeg,8e1f60aa3e145ce5f8ee21cf6fb3a9a3bc41d3815068bc2d2e3271772b93108d,931b5b5b4bcb4f5e
dup-0028,exact,2,E004_Breadboard,FOR AIIC SUBMISSION/Inventory_Photos/Electronics_Robotics/E004_Breadboard/WhatsApp Image 2026-08-12 at 11.07.17 AM.jpeg,8e1f60aa3e145ce5f8ee21cf6fb3a9a3bc41d3815068bc2d2e3271772b93108d,931b5b5b4bcb4f5e
dup-0029,exact,2,L008_pipettes 10ml,FOR AIIC SUBMISSION/Inventory_Photos/Laboratory_Science_Supplies/L008_pipettes 10ml/L008_PIPETTES 10ML_L008_01.JPG,2fa759aaaff40268c3a8f3a16d559b558dca4c6032eca8f55a910eeb6606596f,7dcc4c0d3726e7cb
dup-0029,exact,2,L008_pipettes 10ml,FOR AIIC SUBMISSION/Inventory_Photos/Laboratory_Science_Supplies/L008_pipettes 10ml/L008_PIPETTES 10ML_L008_02.JPG,2fa759aaaff40268c3a8f3a16d559b558dca4c6032eca8f55a910eeb6606596f,7dcc4c0d3726e7cb
dup-0030,exact,2,L010_thermometer ,FOR AIIC SUBMISSION/Inventory_Photos/Laboratory_Science_Supplies/L010_thermometer /L010_THERMOMETER_L010_22.JPG,ced5f8842da22208147b4524a60a05dd44eb8492a159f37845c9894f7a9c76fb,f6e3cf87659c3f1b
dup-0030,exact,2,L010_thermometer ,FOR AIIC SUBMISSION/Inventory_Photos/Laboratory_Science_Supplies/L010_thermometer /L010_THERMOMETER_L010_21.JPG,ced5f8842da22208147b4524a60a05dd44eb8492a159f37845c9894f7a9c76fb,f6e3cf87659c3f1b
dup-0031,exact,2,L010_thermometer ,FOR AIIC SUBMISSION/Inventory_Photos/Laboratory_Science_Supplies/L010_thermometer /L010_THERMOMETER_L010_19.JPG,e62ed527d28a032f713ac206676d084098a1a2fd7a47f849e64889fa1e77e71a,a9e9ebdbcc580920
dup-0031,exact,2,L010_thermometer ,FOR AIIC SUBMISSION/Inventory_Photos/Laboratory_Science_Supplies/L010_thermometer /L010_THERMOMETER_L010_20.JPG,e62ed527d28a032f713ac206676d084098a1a2fd7a47f849e64889fa1e77e71a,a9e9ebdbcc580920
dup-0032,near_or_exact,2,E015_Micro_bit,FOR AIIC SUBMISSION/Inventory_Photos/Electronics_Robotics/E015_Micro_bit/WhatsApp Image 2026-08-11 at 6.05.21 PM.jpeg,89cf46db7f5a90420f6021f074423fe51e1ab70a90ff69ff9bc2644a61998c80,6332c44c234b4831
dup-0032,near_or_exact,2,E015_Micro_bit,FOR AIIC SUBMISSION/Inventory_Photos/Electronics_Robotics/E015_Micro_bit/WhatsApp Image 2026-08-11 at 6.05.22 PM.jpeg,6be491ebce7616ef83380e2e3fea92014d609b7429e954a6f92d96b3173c436f,6332c44c234b4831
dup-0033,exact,2,E028_HC-SR501 PIR Motion Sensor,FOR AIIC SUBMISSION/Inventory_Photos/Electronics_Robotics/E028_HC-SR501 PIR Motion Sensor/WhatsApp Image 2026-08-11 at 6.06.16 PM (1).jpeg,7252d50c21b5affcaabe0ee039f176b1a4053bc23f7ded35875662c7ee45f401,ffcd8d1b4b637462
dup-0033,exact,2,E024_Light Dependent Resistor (LDR),FOR AIIC SUBMISSION/Inventory_Photos/Electronics_Robotics/E024_Light Dependent Resistor (LDR)/WhatsApp Image 2026-08-11 at 6.06.16 PM (1).jpeg,7252d50c21b5affcaabe0ee039f176b1a4053bc23f7ded35875662c7ee45f401,ffcd8d1b4b637462
dup-0034,exact,2,E028_HC-SR501 PIR Motion Sensor,FOR AIIC SUBMISSION/Inventory_Photos/Electronics_Robotics/E028_HC-SR501 PIR Motion Sensor/WhatsApp Image 2026-08-11 at 6.06.19 PM (2).jpeg,19c528a6875dec101c82e8221745996c39821c4184bb2137f550bf39fc88214c,9094861000811106
dup-0034,exact,2,E024_Light Dependent Resistor (LDR),FOR AIIC SUBMISSION/Inventory_Photos/Electronics_Robotics/E024_Light Dependent Resistor (LDR)/WhatsApp Image 2026-08-11 at 6.06.19 PM (2).jpeg,19c528a6875dec101c82e8221745996c39821c4184bb2137f550bf39fc88214c,9094861000811106
dup-0035,exact,2,E020_MAX30102 Heart Rate and Pulse Oximetry Sensor,FOR AIIC SUBMISSION/Inventory_Photos/Electronics_Robotics/E020_MAX30102 Heart Rate and Pulse Oximetry Sensor/IMG_2325.JPG,800004676f9ef880fdf7b61ca047ddf38d9f7ef15028f56838e411887490c082,e71e2f6791470ed9
dup-0035,exact,2,E020_MAX30102 Heart Rate and Pulse Oximetry Sensor,FOR AIIC SUBMISSION/Inventory_Photos/Electronics_Robotics/E020_MAX30102 Heart Rate and Pulse Oximetry Sensor/IMG_2325.jpeg,800004676f9ef880fdf7b61ca047ddf38d9f7ef15028f56838e411887490c082,e71e2f6791470ed9
dup-0036,exact,2,E020_MAX30102 Heart Rate and Pulse Oximetry Sensor,FOR AIIC SUBMISSION/Inventory_Photos/Electronics_Robotics/E020_MAX30102 Heart Rate and Pulse Oximetry Sensor/IMG_2324.JPG,6676bb154f5151eabedc27672ab6f6379d2d012733930e8cedaed3c323333c15,56c6ef3300040e08
dup-0036,exact,2,E020_MAX30102 Heart Rate and Pulse Oximetry Sensor,FOR AIIC SUBMISSION/Inventory_Photos/Electronics_Robotics/E020_MAX30102 Heart Rate and Pulse Oximetry Sensor/IMG_2324.jpeg,6676bb154f5151eabedc27672ab6f6379d2d012733930e8cedaed3c323333c15,56c6ef3300040e08
dup-0037,exact,2,E020_MAX30102 Heart Rate and Pulse Oximetry Sensor,FOR AIIC SUBMISSION/Inventory_Photos/Electronics_Robotics/E020_MAX30102 Heart Rate and Pulse Oximetry Sensor/IMG_2326.JPG,6a57117ed427ed8690891988d89bfeedfc37a494d3e9fb4d4034bd96efda40fd,619e1f13c7c4d334
dup-0037,exact,2,E020_MAX30102 Heart Rate and Pulse Oximetry Sensor,FOR AIIC SUBMISSION/Inventory_Photos/Electronics_Robotics/E020_MAX30102 Heart Rate and Pulse Oximetry Sensor/IMG_2326.jpeg,6a57117ed427ed8690891988d89bfeedfc37a494d3e9fb4d4034bd96efda40fd,619e1f13c7c4d334
dup-0038,exact,2,E015_Micro_bit,FOR AIIC SUBMISSION/Inventory_Photos/Electronics_Robotics/E015_Micro_bit/IMG_2248.JPG,bb9192f8669fef09e783ae2fee80e337d3139f08f9c66dacbea8f52a2d1f671b,590b0f0b4fc72266
dup-0038,exact,2,E026_Jumper Wire M-M,FOR AIIC SUBMISSION/Inventory_Photos/Electronics_Robotics/E026_Jumper Wire M-M/IMG_2248.jpeg,bb9192f8669fef09e783ae2fee80e337d3139f08f9c66dacbea8f52a2d1f671b,590b0f0b4fc72266
dup-0039,near_or_exact,2,E021_Soil Moisture Level Sensor,FOR AIIC SUBMISSION/Inventory_Photos/Electronics_Robotics/E021_Soil Moisture Level Sensor/WhatsApp Image 2026-08-11 at 6.03.24 PM (3).jpeg,7c2fac56a0ebd32594e84e226adeea76808f7be81d23c67d4fdf9e55a2e7040c,967135787927cd28
dup-0039,near_or_exact,2,E021_Soil Moisture Level Sensor,FOR AIIC SUBMISSION/Inventory_Photos/Electronics_Robotics/E021_Soil Moisture Level Sensor/WhatsApp Image 2026-08-11 at 6.03.24 PM (2).jpeg,bc7db22eea2a0e21691803e9592e4a196e73c98e29c15c65fd84e9c8919636fc,967135787923cd28
dup-0040,exact,2,E021_Soil Moisture Level Sensor,FOR AIIC SUBMISSION/Inventory_Photos/Electronics_Robotics/E021_Soil Moisture Level Sensor/IMG_2331.jpeg,e40bd73a7bf8f6ba14390034610ea6976dc672a3c084e6816c99ad70a5d344c9,1627231986c51220
dup-0040,exact,2,E021_Soil Moisture Level Sensor,FOR AIIC SUBMISSION/Inventory_Photos/Electronics_Robotics/E021_Soil Moisture Level Sensor/IMG_2331.JPG,e40bd73a7bf8f6ba14390034610ea6976dc672a3c084e6816c99ad70a5d344c9,1627231986c51220
dup-0041,exact,2,E026_Jumper Wire M-M,FOR AIIC SUBMISSION/Inventory_Photos/Electronics_Robotics/E026_Jumper Wire M-M/WhatsApp Image 2026-08-11 at 6.07.05 PM (2).jpeg,391dd8478d5ef6fbdcb27bf45666e8abf2ec1f70a0a459eb02af0284d2c63c5b,32393d3113533939
dup-0041,exact,2,E027_Jumper Wire M-F,FOR AIIC SUBMISSION/Inventory_Photos/Electronics_Robotics/E027_Jumper Wire M-F/WhatsApp Image 2026-08-11 at 6.07.05 PM (2).jpeg,391dd8478d5ef6fbdcb27bf45666e8abf2ec1f70a0a459eb02af0284d2c63c5b,32393d3113533939
dup-0042,near_or_exact,2,E026_Jumper Wire M-M,FOR AIIC SUBMISSION/Inventory_Photos/Electronics_Robotics/E026_Jumper Wire M-M/WhatsApp Image 2026-08-11 at 6.07.07 PM (2).jpeg,7f52af773496fcf52ed48a0e772143916df28074e3e8a79ce3fd67972cd067b8,2527265226266273
dup-0042,near_or_exact,2,E026_Jumper Wire M-M,FOR AIIC SUBMISSION/Inventory_Photos/Electronics_Robotics/E026_Jumper Wire M-M/WhatsApp Image 2026-08-11 at 6.07.02 PM (1).jpeg,73fac5dafd89fbc786a39f9e8d61a53cec8d82d4e0c8df2b5fbd602c749e35bd,2527265226266373
dup-0043,exact,2,E027_Jumper Wire M-F,FOR AIIC SUBMISSION/Inventory_Photos/Electronics_Robotics/E027_Jumper Wire M-F/WhatsApp Image 2026-08-11 at 6.07.05 PM.jpeg,33bf7760e875edffc0548304cdb2f7ac9c3e072e3a2d0e3913100bccf6dbadbe,114c4eab4f50988f
dup-0043,exact,2,E026_Jumper Wire M-M,FOR AIIC SUBMISSION/Inventory_Photos/Electronics_Robotics/E026_Jumper Wire M-M/WhatsApp Image 2026-08-11 at 6.07.05 PM.jpeg,33bf7760e875edffc0548304cdb2f7ac9c3e072e3a2d0e3913100bccf6dbadbe,114c4eab4f50988f
dup-0044,exact,2,L006_conical flask 5000ml,FOR AIIC SUBMISSION/Inventory_Photos/Laboratory_Science_Supplies/L006_conical flask 5000ml/L006_CONICAL FLASK 5000ML_L006_11.JPG,88aaced23c8bb7553d3ccb4a50ec2c421a2501ee79aec607eb03243bfdf435c6,8f1c79496cd0e0e0
dup-0044,exact,2,L006_conical flask 5000ml,FOR AIIC SUBMISSION/Inventory_Photos/Laboratory_Science_Supplies/L006_conical flask 5000ml/L006_CONICAL FLASK 5000ML_L006_02.JPG,88aaced23c8bb7553d3ccb4a50ec2c421a2501ee79aec607eb03243bfdf435c6,8f1c79496cd0e0e0
dup-0045,exact,2,E026_Jumper Wire M-M,FOR AIIC SUBMISSION/Inventory_Photos/Electronics_Robotics/E026_Jumper Wire M-M/WhatsApp Image 2026-08-11 at 6.07.01 PM (1).jpeg,a9e28c4eeec395e499f1bf3bcb538d6eeda438ae8edc8fde2e50f91591b6e39d,3635256922267263
dup-0045,exact,2,E026_Jumper Wire M-M,FOR AIIC SUBMISSION/Inventory_Photos/Electronics_Robotics/E026_Jumper Wire M-M/WhatsApp Image 2026-08-11 at 6.07.03 PM (1).jpeg,a9e28c4eeec395e499f1bf3bcb538d6eeda438ae8edc8fde2e50f91591b6e39d,3635256922267263
dup-0046,exact,2,E021_Soil Moisture Level Sensor,FOR AIIC SUBMISSION/Inventory_Photos/Electronics_Robotics/E021_Soil Moisture Level Sensor/IMG_2333.jpeg,cdc614e7b822cdc15ada076ea1d335cb674e3e625fe946bc6f0fbb0f9c9dd655,0654cda78cb10444
dup-0046,exact,2,E021_Soil Moisture Level Sensor,FOR AIIC SUBMISSION/Inventory_Photos/Electronics_Robotics/E021_Soil Moisture Level Sensor/IMG_2333.JPG,cdc614e7b822cdc15ada076ea1d335cb674e3e625fe946bc6f0fbb0f9c9dd655,0654cda78cb10444
dup-0047,exact,2,E021_Soil Moisture Level Sensor,FOR AIIC SUBMISSION/Inventory_Photos/Electronics_Robotics/E021_Soil Moisture Level Sensor/IMG_2334.jpeg,6ccd0a71443bc5445e39a270f61bdacbf235528c1cf18752e78f6a65e88fe1fc,104c4f33cfce22c3
dup-0047,exact,2,E021_Soil Moisture Level Sensor,FOR AIIC SUBMISSION/Inventory_Photos/Electronics_Robotics/E021_Soil Moisture Level Sensor/IMG_2334.JPG,6ccd0a71443bc5445e39a270f61bdacbf235528c1cf18752e78f6a65e88fe1fc,104c4f33cfce22c3
dup-0048,exact,2,E026_Jumper Wire M-M,FOR AIIC SUBMISSION/Inventory_Photos/Electronics_Robotics/E026_Jumper Wire M-M/IMG_2247.jpeg,777026cf6465d775f6f85e573ddd71c2773da5be7a80ac255323808da0c18c46,002591130f171b1f
dup-0048,exact,2,E011_DHT11 Temperature and humidity,FOR AIIC SUBMISSION/Inventory_Photos/Electronics_Robotics/E011_DHT11 Temperature and humidity/IMG_2247.JPG,777026cf6465d775f6f85e573ddd71c2773da5be7a80ac255323808da0c18c46,002591130f171b1f
dup-0049,exact,2,E016_CR2032 battery holder,FOR AIIC SUBMISSION/Inventory_Photos/Electronics_Robotics/E016_CR2032 battery holder/IMG_2322.JPG,8ec20680debbde5303a152778a92427188a2bf9131b6090d6640fb4503d11b2a,8ccf3f30702f1006
dup-0049,exact,2,E016_CR2032 battery holder,FOR AIIC SUBMISSION/Inventory_Photos/Electronics_Robotics/E016_CR2032 battery holder/IMG_2322.jpeg,8ec20680debbde5303a152778a92427188a2bf9131b6090d6640fb4503d11b2a,8ccf3f30702f1006
dup-0050,exact,2,E016_CR2032 battery holder,FOR AIIC SUBMISSION/Inventory_Photos/Electronics_Robotics/E016_CR2032 battery holder/IMG_2320.jpeg,3e22f2d3b9875c6766d54fbe847240716cf2844adafdc6b0a8633a1e41b9e8c8,581afe7140a89192
dup-0050,exact,2,E016_CR2032 battery holder,FOR AIIC SUBMISSION/Inventory_Photos/Electronics_Robotics/E016_CR2032 battery holder/IMG_2320.JPG,3e22f2d3b9875c6766d54fbe847240716cf2844adafdc6b0a8633a1e41b9e8c8,581afe7140a89192
dup-0051,exact,2,E019_LED Blue,FOR AIIC SUBMISSION/Inventory_Photos/Electronics_Robotics/E019_LED Blue/WhatsApp Image 2026-08-11 at 6.07.00 PM (2).jpeg,7396eb2662ee04e87a65a115a5cd247c742645364ba725ba8c1ec1936b7c9061,aa2b09a4ca910a0c
dup-0051,exact,2,E018_LED Red,FOR AIIC SUBMISSION/Inventory_Photos/Electronics_Robotics/E018_LED Red/WhatsApp Image 2026-08-11 at 6.07.00 PM.jpeg,7396eb2662ee04e87a65a115a5cd247c742645364ba725ba8c1ec1936b7c9061,aa2b09a4ca910a0c
dup-0052,exact,2,E016_CR2032 battery holder,FOR AIIC SUBMISSION/Inventory_Photos/Electronics_Robotics/E016_CR2032 battery holder/IMG_2321.jpeg,9501777b5a3999ad59b30c486e6f911dccd850429f5381a2bfaa4ef762f380da,5c708f372187ceb9
dup-0052,exact,2,E016_CR2032 battery holder,FOR AIIC SUBMISSION/Inventory_Photos/Electronics_Robotics/E016_CR2032 battery holder/IMG_2321.JPG,9501777b5a3999ad59b30c486e6f911dccd850429f5381a2bfaa4ef762f380da,5c708f372187ceb9
dup-0053,near_or_exact,2,E019_LED Blue,FOR AIIC SUBMISSION/Inventory_Photos/Electronics_Robotics/E019_LED Blue/WhatsApp Image 2026-08-11 at 6.06.59 PM.jpeg,d22ccb9c8950d5ac21716df8fa5909e2ce7082a7b10cbfd0f5eab6232493a648,36673b635861120e
dup-0053,near_or_exact,2,E019_LED Blue,FOR AIIC SUBMISSION/Inventory_Photos/Electronics_Robotics/E019_LED Blue/WhatsApp Image 2026-08-11 at 6.07.00 PM (1).jpeg,3fd275e6b13916a98336b4a31459e14d44a045dd903861d368dceba63b46bb74,36673b635861120a
dup-0054,exact,2,E012_Infrared (IR) Proximity Sensor module,FOR AIIC SUBMISSION/Inventory_Photos/Electronics_Robotics/E012_Infrared (IR) Proximity Sensor module/IMG_2283.jpeg,c309344d3433000c0cd4ecbd65515dc7bc56a817911783c2fd303d3c1b9abcf2,61f87f3901808cc3
dup-0054,exact,2,E012_Infrared (IR) Proximity Sensor module,FOR AIIC SUBMISSION/Inventory_Photos/Electronics_Robotics/E012_Infrared (IR) Proximity Sensor module/IMG_2283.JPG,c309344d3433000c0cd4ecbd65515dc7bc56a817911783c2fd303d3c1b9abcf2,61f87f3901808cc3
dup-0055,near_or_exact,2,E011_DHT11 Temperature and humidity,FOR AIIC SUBMISSION/Inventory_Photos/Electronics_Robotics/E011_DHT11 Temperature and humidity/WhatsApp Image 2026-08-11 at 6.05.15 PM.jpeg,c96a5b4db7c625913a11d9d433a20b24c4c90c8df5951cd48a0ef8f69a556fba,4969a10e322b0f44
dup-0055,near_or_exact,2,E011_DHT11 Temperature and humidity,FOR AIIC SUBMISSION/Inventory_Photos/Electronics_Robotics/E011_DHT11 Temperature and humidity/WhatsApp Image 2026-08-11 at 6.05.17 PM.jpeg,b73a2835d7df1057d93dedab9fd7ce1c0ccc90fc52dfd3bd4e8fcec15165b120,4969a10e322b0f05
dup-0056,exact,2,E019_LED Blue,FOR AIIC SUBMISSION/Inventory_Photos/Electronics_Robotics/E019_LED Blue/WhatsApp Image 2026-08-11 at 6.06.59 PM (1).jpeg,3a412714660c3a6e3595a8f144dc4a0d73975f96ffbfce543e905bb1f6255740,2fade828d89867dc
dup-0056,exact,2,E018_LED Red,FOR AIIC SUBMISSION/Inventory_Photos/Electronics_Robotics/E018_LED Red/WhatsApp Image 2026-08-11 at 6.06.59 PM (1).jpeg,3a412714660c3a6e3595a8f144dc4a0d73975f96ffbfce543e905bb1f6255740,2fade828d89867dc
dup-0057,near_or_exact,2,E011_DHT11 Temperature and humidity,FOR AIIC SUBMISSION/Inventory_Photos/Electronics_Robotics/E011_DHT11 Temperature and humidity/WhatsApp Image 2026-08-11 at 6.05.14 PM (1).jpeg,623ebafa395e4cbeee23cfc186270911f78ba5e353d0a9652bf35f8188d0bec4,2c609d9436420614
dup-0057,near_or_exact,2,E011_DHT11 Temperature and humidity,FOR AIIC SUBMISSION/Inventory_Photos/Electronics_Robotics/E011_DHT11 Temperature and humidity/WhatsApp Image 2026-08-11 at 6.05.16 PM.jpeg,fa21097fbbfeb20e47f6b3bc665fae3e0e55e09e17682b420b3b55588c329bb6,2c609d9436420614
dup-0058,exact,2,E011_DHT11 Temperature and humidity,FOR AIIC SUBMISSION/Inventory_Photos/Electronics_Robotics/E011_DHT11 Temperature and humidity/IMG_2357.jpeg,3c5dbbb90986225fc0c3eb47f65588214636a7e7121729520a93b2129741b690,c83336e61000dbc1
dup-0058,exact,2,E011_DHT11 Temperature and humidity,FOR AIIC SUBMISSION/Inventory_Photos/Electronics_Robotics/E011_DHT11 Temperature and humidity/IMG_2357.JPG,3c5dbbb90986225fc0c3eb47f65588214636a7e7121729520a93b2129741b690,c83336e61000dbc1
dup-0059,exact,2,E012_Infrared (IR) Proximity Sensor module,FOR AIIC SUBMISSION/Inventory_Photos/Electronics_Robotics/E012_Infrared (IR) Proximity Sensor module/IMG_2282.JPG,b331be62a9892f06f43eda297d21e00895b8291066a8679108c95587ad8bcd47,7a4d6cf73700401f
dup-0059,exact,2,E012_Infrared (IR) Proximity Sensor module,FOR AIIC SUBMISSION/Inventory_Photos/Electronics_Robotics/E012_Infrared (IR) Proximity Sensor module/IMG_2282.jpeg,b331be62a9892f06f43eda297d21e00895b8291066a8679108c95587ad8bcd47,7a4d6cf73700401f
dup-0060,exact,2,E011_DHT11 Temperature and humidity,FOR AIIC SUBMISSION/Inventory_Photos/Electronics_Robotics/E011_DHT11 Temperature and humidity/IMG_2300.JPG,9f7157f5a85d3072648cac8aac7f409c4cdea485751548c704f92d2b352c81d6,730024869c864e47
dup-0060,exact,2,E011_DHT11 Temperature and humidity,FOR AIIC SUBMISSION/Inventory_Photos/Electronics_Robotics/E011_DHT11 Temperature and humidity/IMG_2300.jpeg,9f7157f5a85d3072648cac8aac7f409c4cdea485751548c704f92d2b352c81d6,730024869c864e47
dup-0061,exact,2,E011_DHT11 Temperature and humidity,FOR AIIC SUBMISSION/Inventory_Photos/Electronics_Robotics/E011_DHT11 Temperature and humidity/IMG_2296.jpeg,72a1ca045a0e16ba3e67b9c201936fc89a0761d1eec4a3c915f862d58e880658,c4c73710089f4083
dup-0061,exact,2,E011_DHT11 Temperature and humidity,FOR AIIC SUBMISSION/Inventory_Photos/Electronics_Robotics/E011_DHT11 Temperature and humidity/IMG_2296.JPG,72a1ca045a0e16ba3e67b9c201936fc89a0761d1eec4a3c915f862d58e880658,c4c73710089f4083
dup-0062,near_or_exact,2,E009_DC Motor 3V,FOR AIIC SUBMISSION/Inventory_Photos/Electronics_Robotics/E009_DC Motor 3V/WhatsApp Image 2026-08-11 at 6.05.11 PM (2).jpeg,5c86cbd390aad3e83f0c775bc96312c1b71edd03ecc4324ace4d7cd16af33512,2719cd2b69940e26
dup-0062,near_or_exact,2,E009_DC Motor 3V,FOR AIIC SUBMISSION/Inventory_Photos/Electronics_Robotics/E009_DC Motor 3V/WhatsApp Image 2026-08-11 at 6.05.13 PM (1).jpeg,f85b13e9d791deee942dda3163ce5691a7d7349a66c8f817b685718147e30b40,2719cd2b69940e26
dup-0063,exact,2,E011_DHT11 Temperature and humidity,FOR AIIC SUBMISSION/Inventory_Photos/Electronics_Robotics/E011_DHT11 Temperature and humidity/IMG_2358.JPG,6a8b764d4e28c242834dd776c3d6526060b7aec148b19dc727154d5bcb00c1e8,000c49f0a6cbc9c1
dup-0063,exact,2,E011_DHT11 Temperature and humidity,FOR AIIC SUBMISSION/Inventory_Photos/Electronics_Robotics/E011_DHT11 Temperature and humidity/IMG_2358.jpeg,6a8b764d4e28c242834dd776c3d6526060b7aec148b19dc727154d5bcb00c1e8,000c49f0a6cbc9c1
dup-0064,exact,2,E011_DHT11 Temperature and humidity,FOR AIIC SUBMISSION/Inventory_Photos/Electronics_Robotics/E011_DHT11 Temperature and humidity/IMG_2297.JPG,18ab28c56335ad4bce7374d12c040f44fcce0aee017007c0808ed1ebfbc01d38,c6db676000ce8192
dup-0064,exact,2,E011_DHT11 Temperature and humidity,FOR AIIC SUBMISSION/Inventory_Photos/Electronics_Robotics/E011_DHT11 Temperature and humidity/IMG_2297.jpeg,18ab28c56335ad4bce7374d12c040f44fcce0aee017007c0808ed1ebfbc01d38,c6db676000ce8192
dup-0065,exact,2,E018_LED Red,FOR AIIC SUBMISSION/Inventory_Photos/Electronics_Robotics/E018_LED Red/IMG_2309.JPG,277fad522080b9a73f7eab284420dcc8260ba04676c00833ac7c58a53e2df50e,172eff5b01811600
dup-0065,exact,2,E018_LED Red,FOR AIIC SUBMISSION/Inventory_Photos/Electronics_Robotics/E018_LED Red/IMG_2309.jpeg,277fad522080b9a73f7eab284420dcc8260ba04676c00833ac7c58a53e2df50e,172eff5b01811600
dup-0066,exact,2,E012_Infrared (IR) Proximity Sensor module,FOR AIIC SUBMISSION/Inventory_Photos/Electronics_Robotics/E012_Infrared (IR) Proximity Sensor module/IMG_2284.jpeg,f354492ce97da869ad53bda678c795407f5af298ca9f74921658675c951f74a3,bdc130f7ff801688
dup-0066,exact,2,E012_Infrared (IR) Proximity Sensor module,FOR AIIC SUBMISSION/Inventory_Photos/Electronics_Robotics/E012_Infrared (IR) Proximity Sensor module/IMG_2284.JPG,f354492ce97da869ad53bda678c795407f5af298ca9f74921658675c951f74a3,bdc130f7ff801688
dup-0067,exact,2,E017_RC522 RFID Card Reader,FOR AIIC SUBMISSION/Inventory_Photos/Electronics_Robotics/E017_RC522 RFID Card Reader/WhatsApp Image 2026-08-11 at 6.05.06 PM (2).jpeg,e1454e3851327b461073b30cc18e852bf0036c11b3f33120ff7873dc380d7614,6443311916352b96
dup-0067,exact,2,E006_NodeMCU,FOR AIIC SUBMISSION/Inventory_Photos/Electronics_Robotics/E006_NodeMCU/WhatsApp Image 2026-08-11 at 6.05.06 PM (2).jpeg,e1454e3851327b461073b30cc18e852bf0036c11b3f33120ff7873dc380d7614,6443311916352b96
dup-0068,exact,2,E017_RC522 RFID Card Reader,FOR AIIC SUBMISSION/Inventory_Photos/Electronics_Robotics/E017_RC522 RFID Card Reader/IMG_2344.JPG,42a16404032f7071f8e28c866252bbed4d91282f69ff7c654e6d67e3340a564d,cbcb30602c8d40c1
dup-0068,exact,2,E017_RC522 RFID Card Reader,FOR AIIC SUBMISSION/Inventory_Photos/Electronics_Robotics/E017_RC522 RFID Card Reader/IMG_2344.jpeg,42a16404032f7071f8e28c866252bbed4d91282f69ff7c654e6d67e3340a564d,cbcb30602c8d40c1
dup-0069,exact,2,E017_RC522 RFID Card Reader,FOR AIIC SUBMISSION/Inventory_Photos/Electronics_Robotics/E017_RC522 RFID Card Reader/WhatsApp Image 2026-08-11 at 6.05.06 PM (1).jpeg,a70bcb731ee66acd6ea809d0cb26b97beac11022bcb4dc7f662da0e061458160,f4c2923569682bcb
dup-0069,exact,2,E006_NodeMCU,FOR AIIC SUBMISSION/Inventory_Photos/Electronics_Robotics/E006_NodeMCU/WhatsApp Image 2026-08-11 at 6.05.06 PM (1).jpeg,a70bcb731ee66acd6ea809d0cb26b97beac11022bcb4dc7f662da0e061458160,f4c2923569682bcb
dup-0070,exact,2,E011_DHT11 Temperature and humidity,FOR AIIC SUBMISSION/Inventory_Photos/Electronics_Robotics/E011_DHT11 Temperature and humidity/IMG_2310.JPG,115ce704de3961ef84cb66ea76555220121b2cd9164fac79ef9b3260ca140f7b,2124180a0c012021
dup-0070,exact,2,E011_DHT11 Temperature and humidity,FOR AIIC SUBMISSION/Inventory_Photos/Electronics_Robotics/E011_DHT11 Temperature and humidity/IMG_2310.jpeg,115ce704de3961ef84cb66ea76555220121b2cd9164fac79ef9b3260ca140f7b,2124180a0c012021
dup-0071,exact,2,E017_RC522 RFID Card Reader,FOR AIIC SUBMISSION/Inventory_Photos/Electronics_Robotics/E017_RC522 RFID Card Reader/IMG_2346.JPG,42ebe9e3be9a118be45827f1181328f47175b77b0f8026ce4eb2de7ea6e21062,c849e4c68e0d4000
dup-0071,exact,2,E017_RC522 RFID Card Reader,FOR AIIC SUBMISSION/Inventory_Photos/Electronics_Robotics/E017_RC522 RFID Card Reader/IMG_2346.jpeg,42ebe9e3be9a118be45827f1181328f47175b77b0f8026ce4eb2de7ea6e21062,c849e4c68e0d4000
dup-0072,exact,2,E009_DC Motor 3V,FOR AIIC SUBMISSION/Inventory_Photos/Electronics_Robotics/E009_DC Motor 3V/IMG_2265.jpeg,3f2892db7c5a20e1fde90af93ee516cf84152743f2b142881266a14ba9647398,cc9f3f73c50201e1
dup-0072,exact,2,E009_DC Motor 3V,FOR AIIC SUBMISSION/Inventory_Photos/Electronics_Robotics/E009_DC Motor 3V/IMG_2265.JPG,3f2892db7c5a20e1fde90af93ee516cf84152743f2b142881266a14ba9647398,cc9f3f73c50201e1
dup-0073,exact,2,E009_DC Motor 3V,FOR AIIC SUBMISSION/Inventory_Photos/Electronics_Robotics/E009_DC Motor 3V/IMG_2266.JPG,46ee269db226f986183fb36972dc8b4a75d6a6d011182edfcdd60cf365b3d25d,14e39999989c8f83
dup-0073,exact,2,E009_DC Motor 3V,FOR AIIC SUBMISSION/Inventory_Photos/Electronics_Robotics/E009_DC Motor 3V/IMG_2266.jpeg,46ee269db226f986183fb36972dc8b4a75d6a6d011182edfcdd60cf365b3d25d,14e39999989c8f83
dup-0074,exact,2,E019_LED Blue,FOR AIIC SUBMISSION/Inventory_Photos/Electronics_Robotics/E019_LED Blue/IMG_2232.jpeg,0ba67d91bf21baf6d95cd7511eaf93f90bf2be7775f1e08a13b4bc1849ff6e26,0c63aa8cc5013f34
dup-0074,exact,2,E005_Gas Sensor MQ6,FOR AIIC SUBMISSION/Inventory_Photos/Electronics_Robotics/E005_Gas Sensor MQ6/IMG_2232.JPG,0ba67d91bf21baf6d95cd7511eaf93f90bf2be7775f1e08a13b4bc1849ff6e26,0c63aa8cc5013f34
dup-0075,exact,2,E017_RC522 RFID Card Reader,FOR AIIC SUBMISSION/Inventory_Photos/Electronics_Robotics/E017_RC522 RFID Card Reader/IMG_2246.jpeg,2a53ef918631c2a3decbcd67578f6f18178aa6078886bc15ce0c93ac614f6e00,d84d73ff0b939c68
dup-0075,exact,2,E017_RC522 RFID Card Reader,FOR AIIC SUBMISSION/Inventory_Photos/Electronics_Robotics/E017_RC522 RFID Card Reader/IMG_2246.JPG,2a53ef918631c2a3decbcd67578f6f18178aa6078886bc15ce0c93ac614f6e00,d84d73ff0b939c68
dup-0076,near_or_exact,2,E008_N20 Mini Micro Metal Gear,FOR AIIC SUBMISSION/Inventory_Photos/Electronics_Robotics/E008_N20 Mini Micro Metal Gear/WhatsApp Image 2026-08-12 at 10.37.13 AM (1).jpeg,5ee70f012c27b236878bab76eeecfbd51806ce0d76bc36eddca4ffa811610174,964e9a2e2aaaa630
dup-0076,near_or_exact,2,E008_N20 Mini Micro Metal Gear,FOR AIIC SUBMISSION/Inventory_Photos/Electronics_Robotics/E008_N20 Mini Micro Metal Gear/WhatsApp Image 2026-08-12 at 10.37.13 AM.jpeg,92910f2070dc028deba13db5927434a197f0427d00381c9563292e6f90f41820,964e9a2e2aaa2670
dup-0077,exact,2,E008_N20 Mini Micro Metal Gear,FOR AIIC SUBMISSION/Inventory_Photos/Electronics_Robotics/E008_N20 Mini Micro Metal Gear/IMG_2271.JPG,4dc53d6228eb5af6cb1ac8bba4d4db09d717a66cee2df3bbe4cce0ff3a60ea67,390f004406484c49
dup-0077,exact,2,E010_N20 Micro Metal Gear Motor,FOR AIIC SUBMISSION/Inventory_Photos/Electronics_Robotics/E010_N20 Micro Metal Gear Motor/IMG_2271.JPG,4dc53d6228eb5af6cb1ac8bba4d4db09d717a66cee2df3bbe4cce0ff3a60ea67,390f004406484c49
dup-0078,exact,2,E009_DC Motor 3V,FOR AIIC SUBMISSION/Inventory_Photos/Electronics_Robotics/E009_DC Motor 3V/IMG_2263.JPG,8769666a51c42d8a7cf3889711303308359741b6dc05a7fc1042f16f8160fad5,67faff2300908624
dup-0078,exact,2,E009_DC Motor 3V,FOR AIIC SUBMISSION/Inventory_Photos/Electronics_Robotics/E009_DC Motor 3V/IMG_2263.jpeg,8769666a51c42d8a7cf3889711303308359741b6dc05a7fc1042f16f8160fad5,67faff2300908624
dup-0079,exact,2,E013_Sound Sensor,FOR AIIC SUBMISSION/Inventory_Photos/Electronics_Robotics/E013_Sound Sensor/IMG_2286.jpeg,2aa27d165666c76515b3825578ebd5f1b8066ed40ebdb56af576b4694e879241,cfc57f3100800f00
dup-0079,exact,2,E013_Sound Sensor,FOR AIIC SUBMISSION/Inventory_Photos/Electronics_Robotics/E013_Sound Sensor/IMG_2286.JPG,2aa27d165666c76515b3825578ebd5f1b8066ed40ebdb56af576b4694e879241,cfc57f3100800f00
dup-0080,exact,2,E009_DC Motor 3V,FOR AIIC SUBMISSION/Inventory_Photos/Electronics_Robotics/E009_DC Motor 3V/IMG_2264.JPG,6a0e9e63e7d145a894c3afbea31bfde279a123670402192a3815bec18a4fa964,63e9ff8f2003000c
dup-0080,exact,2,E009_DC Motor 3V,FOR AIIC SUBMISSION/Inventory_Photos/Electronics_Robotics/E009_DC Motor 3V/IMG_2264.jpeg,6a0e9e63e7d145a894c3afbea31bfde279a123670402192a3815bec18a4fa964,63e9ff8f2003000c
dup-0081,exact,2,E007_HC-SR04 Ultrasonic Sensor,FOR AIIC SUBMISSION/Inventory_Photos/Electronics_Robotics/E007_HC-SR04 Ultrasonic Sensor/IMG_2336.jpeg,745b25fa60735c552f61859afe23aca2bc784cf95e2614e263c84c86d8ede92e,13d3c76329002040
dup-0081,exact,2,E007_HC-SR04 Ultrasonic Sensor,FOR AIIC SUBMISSION/Inventory_Photos/Electronics_Robotics/E007_HC-SR04 Ultrasonic Sensor/IMG_2336.JPG,745b25fa60735c552f61859afe23aca2bc784cf95e2614e263c84c86d8ede92e,13d3c76329002040
dup-0082,near_or_exact,2,E006_NodeMCU,FOR AIIC SUBMISSION/Inventory_Photos/Electronics_Robotics/E006_NodeMCU/WhatsApp Image 2026-08-11 at 6.05.08 PM (1).jpeg,130fcf8181bb2263395b0d4fef3738a6f18b2b8077b70b548092599958da7103,b85746d2c5590e8e
dup-0082,near_or_exact,2,E006_NodeMCU,FOR AIIC SUBMISSION/Inventory_Photos/Electronics_Robotics/E006_NodeMCU/WhatsApp Image 2026-08-11 at 6.05.10 PM.jpeg,7ee342a4be8b9fb0b68606f952941926ad1d23ca8677858fca9dc8276e996ffb,b85746d2cd590e0e
dup-0083,near_or_exact,2,E007_HC-SR04 Ultrasonic Sensor,FOR AIIC SUBMISSION/Inventory_Photos/Electronics_Robotics/E007_HC-SR04 Ultrasonic Sensor/WhatsApp Image 2026-08-11 at 6.03.33 PM.jpeg,325a859c21acdef18ded6c54e969c72a6d557809886a804ea7b978202494694a,e63385b5663575a9
dup-0083,near_or_exact,2,E007_HC-SR04 Ultrasonic Sensor,FOR AIIC SUBMISSION/Inventory_Photos/Electronics_Robotics/E007_HC-SR04 Ultrasonic Sensor/WhatsApp Image 2026-08-11 at 6.03.32 PM.jpeg,0f7bae5f7efb1dd62ee7c7d3fc6d4881cf0431cf756fd3a1bbe47994ef9241f1,e633c5b5663575a9
dup-0084,exact,2,E013_Sound Sensor,FOR AIIC SUBMISSION/Inventory_Photos/Electronics_Robotics/E013_Sound Sensor/IMG_2290.JPG,07a0485603364cf8ce294fda5dd5bd3f51b4dcb171abcb0fa8e396fcdd354a13,80ff13004c4b8e84
dup-0084,exact,2,E013_Sound Sensor,FOR AIIC SUBMISSION/Inventory_Photos/Electronics_Robotics/E013_Sound Sensor/IMG_2290.jpeg,07a0485603364cf8ce294fda5dd5bd3f51b4dcb171abcb0fa8e396fcdd354a13,80ff13004c4b8e84
dup-0085,exact,2,E013_Sound Sensor,FOR AIIC SUBMISSION/Inventory_Photos/Electronics_Robotics/E013_Sound Sensor/IMG_2287.jpeg,9369076d5faefe6ed1ed727d690164f31beb3ec0b9be819295b33c84f874066f,667f1b1000251404
dup-0085,exact,2,E013_Sound Sensor,FOR AIIC SUBMISSION/Inventory_Photos/Electronics_Robotics/E013_Sound Sensor/IMG_2287.JPG,9369076d5faefe6ed1ed727d690164f31beb3ec0b9be819295b33c84f874066f,667f1b1000251404
dup-0086,exact,2,E007_HC-SR04 Ultrasonic Sensor,FOR AIIC SUBMISSION/Inventory_Photos/Electronics_Robotics/E007_HC-SR04 Ultrasonic Sensor/IMG_2335.JPG,4cb56d608ac18ee38f0e5d478fe06bb46dcce5ba5f9c2f8e324c19b44e4e3b7c,d6cf67600402c442
dup-0086,exact,2,E007_HC-SR04 Ultrasonic Sensor,FOR AIIC SUBMISSION/Inventory_Photos/Electronics_Robotics/E007_HC-SR04 Ultrasonic Sensor/IMG_2335.jpeg,4cb56d608ac18ee38f0e5d478fe06bb46dcce5ba5f9c2f8e324c19b44e4e3b7c,d6cf67600402c442
dup-0087,exact,2,E013_Sound Sensor,FOR AIIC SUBMISSION/Inventory_Photos/Electronics_Robotics/E013_Sound Sensor/IMG_2289.jpeg,5fcf8a169057ef347ff1bb74937c5268a237637f4116fea031bf5a0151c68adc,d7cf371098b792a3
dup-0087,exact,2,E013_Sound Sensor,FOR AIIC SUBMISSION/Inventory_Photos/Electronics_Robotics/E013_Sound Sensor/IMG_2289.JPG,5fcf8a169057ef347ff1bb74937c5268a237637f4116fea031bf5a0151c68adc,d7cf371098b792a3
dup-0088,exact,2,E013_Sound Sensor,FOR AIIC SUBMISSION/Inventory_Photos/Electronics_Robotics/E013_Sound Sensor/IMG_2288.JPG,a685928335ce8e8a3bf9b6ab060b79bb1027b76ae5b64f5160682f3da6d0b0e3,5ee5ff21008c0400
dup-0088,exact,2,E013_Sound Sensor,FOR AIIC SUBMISSION/Inventory_Photos/Electronics_Robotics/E013_Sound Sensor/IMG_2288.jpeg,a685928335ce8e8a3bf9b6ab060b79bb1027b76ae5b64f5160682f3da6d0b0e3,5ee5ff21008c0400
dup-0089,exact,2,E007_HC-SR04 Ultrasonic Sensor,FOR AIIC SUBMISSION/Inventory_Photos/Electronics_Robotics/E007_HC-SR04 Ultrasonic Sensor/IMG_2337.JPG,a8f8c6d0c960fd5c2ea5c7e7df28bc9f9caf6c9b39d956de2f1094dd96fabdfb,c1c66f7100e08904
dup-0089,exact,2,E007_HC-SR04 Ultrasonic Sensor,FOR AIIC SUBMISSION/Inventory_Photos/Electronics_Robotics/E007_HC-SR04 Ultrasonic Sensor/IMG_2337.jpeg,a8f8c6d0c960fd5c2ea5c7e7df28bc9f9caf6c9b39d956de2f1094dd96fabdfb,c1c66f7100e08904
dup-0090,exact,2,E008_N20 Mini Micro Metal Gear,FOR AIIC SUBMISSION/Inventory_Photos/Electronics_Robotics/E008_N20 Mini Micro Metal Gear/IMG_2269.JPG,1d09f832b396a7baab456452743e9327e39863995f0b5bb3603139c3ba55136b,33c39c4cc7de4821
dup-0090,exact,2,E010_N20 Micro Metal Gear Motor,FOR AIIC SUBMISSION/Inventory_Photos/Electronics_Robotics/E010_N20 Micro Metal Gear Motor/IMG_2269.JPG,1d09f832b396a7baab456452743e9327e39863995f0b5bb3603139c3ba55136b,33c39c4cc7de4821
dup-0091,exact,2,E002_Arduino Nano,FOR AIIC SUBMISSION/Inventory_Photos/Electronics_Robotics/E002_Arduino Nano/IMG_6227.HEIC,f6e45a68ce2ffd2e212fae7716c687224a0069c88dcb1f9f76e60443b23cb599,478700b8c6520804
dup-0091,exact,2,E002_Arduino Nano,FOR AIIC SUBMISSION/Inventory_Photos/Electronics_Robotics/E002_Arduino Nano/IMG_6227(1).HEIC,f6e45a68ce2ffd2e212fae7716c687224a0069c88dcb1f9f76e60443b23cb599,478700b8c6520804
dup-0092,exact,2,E002_Arduino Nano,FOR AIIC SUBMISSION/Inventory_Photos/Electronics_Robotics/E002_Arduino Nano/IMG_6226.HEIC,96a0cae4a2f66e89dd205ebaf99787fb60c62b3f25b32c5cb52d857a92bc874b,cc7e3f33c3081306
dup-0092,exact,2,E002_Arduino Nano,FOR AIIC SUBMISSION/Inventory_Photos/Electronics_Robotics/E002_Arduino Nano/IMG_6226(1).HEIC,96a0cae4a2f66e89dd205ebaf99787fb60c62b3f25b32c5cb52d857a92bc874b,cc7e3f33c3081306
dup-0093,exact,2,E002_Arduino Nano,FOR AIIC SUBMISSION/Inventory_Photos/Electronics_Robotics/E002_Arduino Nano/IMG_6223(1).HEIC,b0fc0592077b9485c5857eb7cf4a8903fb3dbae188855b5043a431908421d170,1c967e8ff30e8d42
dup-0093,exact,2,E002_Arduino Nano,FOR AIIC SUBMISSION/Inventory_Photos/Electronics_Robotics/E002_Arduino Nano/IMG_6223.HEIC,b0fc0592077b9485c5857eb7cf4a8903fb3dbae188855b5043a431908421d170,1c967e8ff30e8d42
dup-0094,exact,2,E002_Arduino Nano,FOR AIIC SUBMISSION/Inventory_Photos/Electronics_Robotics/E002_Arduino Nano/IMG_6225.HEIC,a0b7e45728451c4c9de1907fe08396b1ed971ffb66bc1785b75b95b1df82678d,8ecc7e3f23033506
dup-0094,exact,2,E002_Arduino Nano,FOR AIIC SUBMISSION/Inventory_Photos/Electronics_Robotics/E002_Arduino Nano/IMG_6225(1).HEIC,a0b7e45728451c4c9de1907fe08396b1ed971ffb66bc1785b75b95b1df82678d,8ecc7e3f23033506
dup-0095,exact,2,C021_clothespin,FOR AIIC SUBMISSION/Inventory_Photos/Craft_Materials_STEM_Kits/C021_clothespin/C021_CLOTHESPIN_C021_19.JPG,1d0e3086181038420b52409734ecbaf7c649708dd6580d717dfbeb2e2a3ad1df,0b8f841f577535ff
dup-0095,exact,2,C021_clothespin,FOR AIIC SUBMISSION/Inventory_Photos/Craft_Materials_STEM_Kits/C021_clothespin/C021_CLOTHESPIN_C021_20.JPG,1d0e3086181038420b52409734ecbaf7c649708dd6580d717dfbeb2e2a3ad1df,0b8f841f577535ff
dup-0096,exact,2,E007_HC-SR04 Ultrasonic Sensor,FOR AIIC SUBMISSION/Inventory_Photos/Electronics_Robotics/E007_HC-SR04 Ultrasonic Sensor/IMG_2338.JPG,76f0716d406fd8b9a72fc6327f584b0c893474fd37ad1435662fbf7a55c2a04a,649b3f6c0081e33a
dup-0096,exact,2,E007_HC-SR04 Ultrasonic Sensor,FOR AIIC SUBMISSION/Inventory_Photos/Electronics_Robotics/E007_HC-SR04 Ultrasonic Sensor/IMG_2338.jpeg,76f0716d406fd8b9a72fc6327f584b0c893474fd37ad1435662fbf7a55c2a04a,649b3f6c0081e33a
dup-0097,exact,2,C021_clothespin,FOR AIIC SUBMISSION/Inventory_Photos/Craft_Materials_STEM_Kits/C021_clothespin/C021_CLOTHESPIN_C021_23.JPG,5493e9eac1b3fc7fe5b53ec450290f9c1b54c440d0bf79174d21be84e1fda7f8,a4a4ad2d2def16c1
dup-0097,exact,2,C021_clothespin,FOR AIIC SUBMISSION/Inventory_Photos/Craft_Materials_STEM_Kits/C021_clothespin/C021_CLOTHESPIN_C021_24.JPG,5493e9eac1b3fc7fe5b53ec450290f9c1b54c440d0bf79174d21be84e1fda7f8,a4a4ad2d2def16c1
dup-0098,exact,2,C021_clothespin,FOR AIIC SUBMISSION/Inventory_Photos/Craft_Materials_STEM_Kits/C021_clothespin/C021_CLOTHESPIN_C021_22.JPG,af597f214bd4e83162b63f06e20572fe69b07c735ad441752fffc21520d8e03a,94b484351e4603c0
dup-0098,exact,2,C021_clothespin,FOR AIIC SUBMISSION/Inventory_Photos/Craft_Materials_STEM_Kits/C021_clothespin/C021_CLOTHESPIN_C021_21.JPG,af597f214bd4e83162b63f06e20572fe69b07c735ad441752fffc21520d8e03a,94b484351e4603c0
dup-0099,exact,2,C001_tracing paper,FOR AIIC SUBMISSION/Inventory_Photos/Craft_Materials_STEM_Kits/C001_tracing paper/C001_TRACKING PAPER_C001_14.HEIC,2f28e1cabe3c5a3d373d429a254b8254535d10e98340984ee0759f8a3b77c262,ff7f7d7d7d7ffbf0
dup-0099,exact,2,C001_tracing paper,FOR AIIC SUBMISSION/Inventory_Photos/Craft_Materials_STEM_Kits/C001_tracing paper/C001_TRACKING PAPER_C001_15.HEIC,2f28e1cabe3c5a3d373d429a254b8254535d10e98340984ee0759f8a3b77c262,ff7f7d7d7d7ffbf0
dup-0100,exact,2,C011_glue stick ,FOR AIIC SUBMISSION/Inventory_Photos/Craft_Materials_STEM_Kits/C011_glue stick /C011_GLUE STICK_C011_07.JPG,23297dda26ef2f44c9de8c3187b654653cac3aa096eed85d05a73c63b899f979,e32166cc2458dae3
dup-0100,exact,2,C013_pom pom,FOR AIIC SUBMISSION/Inventory_Photos/Craft_Materials_STEM_Kits/C013_pom pom/C013_POM POM_C013_01.JPG,23297dda26ef2f44c9de8c3187b654653cac3aa096eed85d05a73c63b899f979,e32166cc2458dae3
dup-0101,exact,2,E014_Lilypad Coin Cell Battery Holder,FOR AIIC SUBMISSION/Inventory_Photos/Electronics_Robotics/E014_Lilypad Coin Cell Battery Holder/IMG_2274.jpeg,07fedae3baba1cec5d727c3d6c3c1ea87720ffb814877d7ae19e6966070f9fdd,ac6f73b333078018
dup-0101,exact,2,E014_Lilypad Coin Cell Battery Holder,FOR AIIC SUBMISSION/Inventory_Photos/Electronics_Robotics/E014_Lilypad Coin Cell Battery Holder/IMG_2274.JPG,07fedae3baba1cec5d727c3d6c3c1ea87720ffb814877d7ae19e6966070f9fdd,ac6f73b333078018
dup-0102,exact,2,C002_paper cup,FOR AIIC SUBMISSION/Inventory_Photos/Craft_Materials_STEM_Kits/C002_paper cup/Copy of C002_PAPER CUP_C002_08.HEIC,40399323979ad9d230042871a72b5c4b5ed143593ec8d81e86b7e300ffcbfcde,ffcf8ff978744c1c
dup-0102,exact,2,C002_paper cup,FOR AIIC SUBMISSION/Inventory_Photos/Craft_Materials_STEM_Kits/C002_paper cup/C002_PAPER CUP_C002_08.HEIC,40399323979ad9d230042871a72b5c4b5ed143593ec8d81e86b7e300ffcbfcde,ffcf8ff978744c1c
dup-0103,exact,2,E004_Breadboard,FOR AIIC SUBMISSION/Inventory_Photos/Electronics_Robotics/E004_Breadboard/IMG_2350.JPG,2f3076de858787e06b109821e24fdb2a6f4b5dce4e775473cc513ba3ba494adb,e36749870e191b85
dup-0103,exact,2,E004_Breadboard,FOR AIIC SUBMISSION/Inventory_Photos/Electronics_Robotics/E004_Breadboard/IMG_2350.jpeg,2f3076de858787e06b109821e24fdb2a6f4b5dce4e775473cc513ba3ba494adb,e36749870e191b85
dup-0104,exact,2,E014_Lilypad Coin Cell Battery Holder,FOR AIIC SUBMISSION/Inventory_Photos/Electronics_Robotics/E014_Lilypad Coin Cell Battery Holder/IMG_2273.jpeg,1c9ca4ab2511571d32566f54675ee1856335d9adaab90658eec68a24ae69bd34,c7e47f6401801e01
dup-0104,exact,2,E014_Lilypad Coin Cell Battery Holder,FOR AIIC SUBMISSION/Inventory_Photos/Electronics_Robotics/E014_Lilypad Coin Cell Battery Holder/IMG_2273.JPG,1c9ca4ab2511571d32566f54675ee1856335d9adaab90658eec68a24ae69bd34,c7e47f6401801e01
dup-0105,exact,2,E014_Lilypad Coin Cell Battery Holder,FOR AIIC SUBMISSION/Inventory_Photos/Electronics_Robotics/E014_Lilypad Coin Cell Battery Holder/IMG_2275.JPG,9501af6b08135e45e066a2e57af2a2c46ad16499f8316c330285ecf6ecbf09d8,3370df3200c80300
dup-0105,exact,2,E014_Lilypad Coin Cell Battery Holder,FOR AIIC SUBMISSION/Inventory_Photos/Electronics_Robotics/E014_Lilypad Coin Cell Battery Holder/IMG_2275.jpeg,9501af6b08135e45e066a2e57af2a2c46ad16499f8316c330285ecf6ecbf09d8,3370df3200c80300
dup-0106,exact,2,E005_Gas Sensor MQ6,FOR AIIC SUBMISSION/Inventory_Photos/Electronics_Robotics/E005_Gas Sensor MQ6/IMG_2281.jpeg,a4c7d0af6719eaa29e72fc4a402ac8345ac46a88e6b15af78ecb810181d7b870,e00e37630483a39c
dup-0106,exact,2,E005_Gas Sensor MQ6,FOR AIIC SUBMISSION/Inventory_Photos/Electronics_Robotics/E005_Gas Sensor MQ6/IMG_2281.JPG,a4c7d0af6719eaa29e72fc4a402ac8345ac46a88e6b15af78ecb810181d7b870,e00e37630483a39c
dup-0107,exact,2,E004_Breadboard,FOR AIIC SUBMISSION/Inventory_Photos/Electronics_Robotics/E004_Breadboard/IMG_2348.jpeg,4c73a7a2fd43371a560836f9d8de4c3a6bcd2b1be1629c13fa539805599493d6,3e49c87f01400901
dup-0107,exact,2,E004_Breadboard,FOR AIIC SUBMISSION/Inventory_Photos/Electronics_Robotics/E004_Breadboard/IMG_2348.JPG,4c73a7a2fd43371a560836f9d8de4c3a6bcd2b1be1629c13fa539805599493d6,3e49c87f01400901
dup-0108,exact,2,E014_Lilypad Coin Cell Battery Holder,FOR AIIC SUBMISSION/Inventory_Photos/Electronics_Robotics/E014_Lilypad Coin Cell Battery Holder/IMG_2277.jpeg,b3301e71937acc198d8892f4763f13c48aef378a96397578e0e9e2025c249cc2,c7ff1f1000971003
dup-0108,exact,2,E014_Lilypad Coin Cell Battery Holder,FOR AIIC SUBMISSION/Inventory_Photos/Electronics_Robotics/E014_Lilypad Coin Cell Battery Holder/IMG_2277.JPG,b3301e71937acc198d8892f4763f13c48aef378a96397578e0e9e2025c249cc2,c7ff1f1000971003
dup-0109,exact,2,E004_Breadboard,FOR AIIC SUBMISSION/Inventory_Photos/Electronics_Robotics/E004_Breadboard/IMG_2349.jpeg,8c5d5b0789337ed4020f11bc0cbcd98ca9df889191e2942167416ecf2a77c135,70cd29015fdf0222
dup-0109,exact,2,E004_Breadboard,FOR AIIC SUBMISSION/Inventory_Photos/Electronics_Robotics/E004_Breadboard/IMG_2349.JPG,8c5d5b0789337ed4020f11bc0cbcd98ca9df889191e2942167416ecf2a77c135,70cd29015fdf0222
dup-0110,exact,2,E005_Gas Sensor MQ6,FOR AIIC SUBMISSION/Inventory_Photos/Electronics_Robotics/E005_Gas Sensor MQ6/IMG_2278.JPG,f6a3551ae49d6e03bb0aba03b9b761f549cb0657891759dae0ddcf395f95524a,b784ff6300801f0b
dup-0110,exact,2,E005_Gas Sensor MQ6,FOR AIIC SUBMISSION/Inventory_Photos/Electronics_Robotics/E005_Gas Sensor MQ6/IMG_2278.jpeg,f6a3551ae49d6e03bb0aba03b9b761f549cb0657891759dae0ddcf395f95524a,b784ff6300801f0b
dup-0111,exact,2,E005_Gas Sensor MQ6,FOR AIIC SUBMISSION/Inventory_Photos/Electronics_Robotics/E005_Gas Sensor MQ6/IMG_2280.jpeg,aae2a8d70c294b18e401bfc19ab8281c092a066658eaa28b141dce90e5b4da53,59c7ec6331003887
dup-0111,exact,2,E005_Gas Sensor MQ6,FOR AIIC SUBMISSION/Inventory_Photos/Electronics_Robotics/E005_Gas Sensor MQ6/IMG_2280.JPG,aae2a8d70c294b18e401bfc19ab8281c092a066658eaa28b141dce90e5b4da53,59c7ec6331003887
dup-0112,exact,2,E005_Gas Sensor MQ6,FOR AIIC SUBMISSION/Inventory_Photos/Electronics_Robotics/E005_Gas Sensor MQ6/IMG_2279.jpeg,f1ff0aa6c1811c1a889379d9dfc5a3879c62a086e99ee2f1ae54159731809801,0c744363fff00338
dup-0112,exact,2,E005_Gas Sensor MQ6,FOR AIIC SUBMISSION/Inventory_Photos/Electronics_Robotics/E005_Gas Sensor MQ6/IMG_2279.JPG,f1ff0aa6c1811c1a889379d9dfc5a3879c62a086e99ee2f1ae54159731809801,0c744363fff00338
dup-0113,near_or_exact,2,C004_needle,FOR AIIC SUBMISSION/Inventory_Photos/Craft_Materials_STEM_Kits/C004_needle/C004_NEEDLE_C004_05.HEIC,a7756ceb7bb654b67187d59fc7d3490d37b58398e22b526daeeef152c2a54c2b,b090d0c0a0a08080
dup-0113,near_or_exact,2,C004_needle,FOR AIIC SUBMISSION/Inventory_Photos/Craft_Materials_STEM_Kits/C004_needle/C004_NEEDLE_C004_03.HEIC,14f4de06b6503b4538f98b16590fd936c9a35a04fc865c25fd12f7fee91ef281,b0909080a0a08080
